Workbook

Sheet Info
B3: Geopolitical Shocks & TASE Hospitality Stocks

Sheet Data
A1: Date | B1: TA125 | C1: Fattal | D1: Isrotel | E1: Dan | F1: TA125_Daily | G1: Fattal_Daily | H1: Isrotel_Daily | I1: Dan_Daily
A2: 46142 | B2: 4313.88 | C2: 73500 | D2: 15390 | E2: 2722 | F2: =B2/B3-1 -> 0.00034319636 | G2: =C2/C3-1 -> 0.002728513 | H2: =D2/D3-1 -> -0.00064935065 | I2: =E2/E3-1 -> -0.041549296
A3: 46141 | B3: 4312.4 | C3: 73300 | D3: 15400 | E3: 2840 | F3: =B3/B4-1 -> 0.012818766 | G3: =C3/C4-1 -> 0.0013661202 | H3: =D3/D4-1 -> 0 | I3: =E3/E4-1 -> -0.010452962
A4: 46140 | B4: 4257.82 | C4: 73200 | D4: 15400 | E4: 2870 | F4: =B4/B5-1 -> -0.0031139373 | G4: =C4/C5-1 -> -0.003403676 | H4: =D4/D5-1 -> -0.012820513 | I4: =E4/E5-1 -> -0.010344828
A5: 46139 | B5: 4271.12 | C5: 73450 | D5: 15600 | E5: 2900 | F5: =B5/B6-1 -> -0.00080242365 | G5: =C5/C6-1 -> 0.035236082 | H5: =D5/D6-1 -> 0.011017498 | I5: =E5/E6-1 -> 0
A6: 46136 | B6: 4274.55 | C6: 70950 | D6: 15430 | E6: 2900 | F6: =B6/B7-1 -> -0.012361225 | G6: =C6/C7-1 -> -0.010460251 | H6: =D6/D7-1 -> -0.019071837 | I6: =E6/E7-1 -> 0.0017271157
A7: 46135 | B7: 4328.05 | C7: 71700 | D7: 15730 | E7: 2895 | F7: =B7/B8-1 -> 4.1590898e-05 | G7: =C7/C8-1 -> 0.019914651 | H7: =D7/D8-1 -> -0.0069444444 | I7: =E7/E8-1 -> -0.00069036935
A8: 46132 | B8: 4327.87 | C8: 70300 | D8: 15840 | E8: 2897 | F8: =B8/B9-1 -> 0.0043722137 | G8: =C8/C9-1 -> 0.0129683 | H8: =D8/D9-1 -> 0.010204082 | I8: =E8/E9-1 -> 0
A9: 46129 | B9: 4309.03 | C9: 69400 | D9: 15680 | E9: 2897 | F9: =B9/B10-1 -> 0.010591317 | G9: =C9/C10-1 -> 0.032738095 | H9: =D9/D10-1 -> 0.042553191 | I9: =E9/E10-1 -> 0.0052047189
A10: 46128 | B10: 4263.87 | C10: 67200 | D10: 15040 | E10: 2882 | F10: =B10/B11-1 -> -0.010895788 | G10: =C10/C11-1 -> -0.0098718138 | H10: =D10/D11-1 -> -0.025906736 | I10: =E10/E11-1 -> -0.042524917
A11: 46127 | B11: 4310.84 | C11: 67870 | D11: 15440 | E11: 3010 | F11: =B11/B12-1 -> -0.0055915923 | G11: =C11/C12-1 -> 0.029893778 | H11: =D11/D12-1 -> -0.01025641 | I11: =E11/E12-1 -> 0
A12: 46126 | B12: 4335.08 | C12: 65900 | D12: 15600 | E12: 3010 | F12: =B12/B13-1 -> 0.014518937 | G12: =C12/C13-1 -> 0.057784912 | H12: =D12/D13-1 -> 0.019607843 | I12: =E12/E13-1 -> 0
A13: 46125 | B13: 4273.04 | C13: 62300 | D13: 15300 | E13: 3010 | F13: =B13/B14-1 -> -0.014456653 | G13: =C13/C14-1 -> -0.017040076 | H13: =D13/D14-1 -> -0.0097087379 | I13: =E13/E14-1 -> 0
... A893: 44809 | B893: 2053.2 | C893: 40230 | D893: 10030 | E893: 2919 | F893: =B893/B894-1 -> -0.00090508306 | G893: =C893/C894-1 -> 0.0032418953 | H893: =D893/D894-1 -> -0.0019900498 | I893: =E893/E894-1 -> -0.0023923445
A894: 44808 | B894: 2055.06 | C894: 40100 | D894: 10050 | E894: 2926 | F894: 0 | G894: 0 | H894: 0 | I894: 0

Sheet Fattal
A1: Fattal — Event Study (market model, single-variable regression)
A3: Parameters
A4: Estimation window (max days) | B4: 252
A5: Event window (days each side) | B5: 10
A6: Significance |t| > | B6: 1.96
A8: Events
A9: # | B9: Event date | C9: TASE t=0 | D9: Sign | E9: Description
A10: 1 | B10: 45206 | C10: =IF(WEEKDAY(B10)=6,B10+2,IF(WEEKDAY(B10)=7,B10+1,B10)) -> 45207 | D10: - | E10: Hamas attack; Israel declares war
A11: 2 | B11: 45252 | C11: =IF(WEEKDAY(B11)=6,B11+2,IF(WEEKDAY(B11)=7,B11+1,B11)) -> 45252 | D11: + | E11: First hostage truce (105 freed)
A12: 3 | B12: 45396 | C12: =IF(WEEKDAY(B12)=6,B12+2,IF(WEEKDAY(B12)=7,B12+1,B12)) -> 45396 | D12: - | E12: Iran first direct attack
A13: 4 | B13: 45504 | C13: =IF(WEEKDAY(B13)=6,B13+2,IF(WEEKDAY(B13)=7,B13+1,B13)) -> 45504 | D13: - | E13: Haniyeh assassinated in Tehran
A14: 5 | B14: 45566 | C14: 45571 | D14: - | E14: Iran second attack (~180 missiles)
A15: 6 | B15: 45623 | C15: =IF(WEEKDAY(B15)=6,B15+2,IF(WEEKDAY(B15)=7,B15+1,B15)) -> 45623 | D15: + | E15: Israel-Lebanon ceasefire
A16: 7 | B16: 45672 | C16: =IF(WEEKDAY(B16)=6,B16+2,IF(WEEKDAY(B16)=7,B16+1,B16)) -> 45672 | D16: + | E16: Gaza ceasefire (33 hostages)
A17: 8 | B17: 45789 | C17: 45789 | D17: + | E17: Edan Alexander released
A18: 9 | B18: 45821 | C18: =IF(WEEKDAY(B18)=6,B18+2,IF(WEEKDAY(B18)=7,B18+1,B18)) -> 45823 | D18: - | E18: 12-Day War begins
A19: 10 | B19: 45939 | C19: =IF(WEEKDAY(B19)=6,B19+2,IF(WEEKDAY(B19)=7,B19+1,B19)) -> 45939 | D19: + | E19: Sharm el-Sheikh deal
A20: 11 | B20: 46081 | C20: =IF(WEEKDAY(B20)=7, B20+2, IF(WEEKDAY(B20)=1, B20+1, B20)) -> 46083 | D20: - | E20: 2026 Israel-Iran war begins
A21: 12 | B21: 46120 | C21: 46121 | D21: + | E21: Pakistan-brokered ceasefire
A23: Model info & statistics — market-model regression (stock daily return on TA-125 daily return; 252-day estimation window). Intercept = α (INTERCEPT), b1 = β (SLOPE), R² (RSQ), sey = standard error of the estimate (STEYX).
A24: # | B24: Event t=0 (adj) | C24: Event point | D24: Window | E24: a (intercept) | F24: b1 (TA125) | G24: (unused) | H24: R2 | I24: sey
A25: =A10 -> 1 | B25: =IF(WEEKDAY(B10)=6,B10+2,IF(WEEKDAY(B10)=7,B10+1,B10)) -> 45207 | C25: =IFERROR(MATCH(B25,Data!$A$2:$A$718,0),MATCH(B25,Data!$A$2:$A$718,-1)) -> 630 | D25: =MIN($B$4,COUNTA(Data!$A:$A)-1-(C25+11)+1) -> 252 | E25: =INTERCEPT(OFFSET(Data!$G$1,C25+11,0,D25,1),OFFSET(Data!$F$1,C25+11,0,D25,1)) -> 0.00028642491 | F25: =SLOPE(OFFSET(Data!$G$1,C25+11,0,D25,1),OFFSET(Data!$F$1,C25+11,0,D25,1)) -> 1.4028615 | H25: =RSQ(OFFSET(Data!$G$1,C25+11,0,D25,1),OFFSET(Data!$F$1,C25+11,0,D25,1)) -> 0.39123992 | I25: =STEYX(OFFSET(Data!$G$1,C25+11,0,D25,1),OFFSET(Data!$F$1,C25+11,0,D25,1)) -> 0.018253549
A26: =A11 -> 2 | B26: =IF(WEEKDAY(C11)=6,C11+2,IF(WEEKDAY(C11)=7,C11+1,C11)) -> 45252 | C26: =IFERROR(MATCH(B26,Data!$A$2:$A$718,0),MATCH(B26,Data!$A$2:$A$718,-1)) -> 597 | D26: =MIN($B$4,875-(C26+11)+1) -> 252 | E26: =INTERCEPT(OFFSET(Data!$G$1,C26+11,0,D26,1),OFFSET(Data!$F$1,C26+11,0,D26,1)) -> 0.0011347158 | F26: =SLOPE(OFFSET(Data!$G$1,C26+11,0,D26,1),OFFSET(Data!$F$1,C26+11,0,D26,1)) -> 1.3515287 | H26: =RSQ(OFFSET(Data!$G$1,C26+11,0,D26,1),OFFSET(Data!$F$1,C26+11,0,D26,1)) -> 0.43759662 | I26: =STEYX(OFFSET(Data!$G$1,C26+11,0,D26,1),OFFSET(Data!$F$1,C26+11,0,D26,1)) -> 0.017779338
A27: =A12 -> 3 | B27: =IF(WEEKDAY(C12)=6,C12+2,IF(WEEKDAY(C12)=7,C12+1,C12)) -> 45396 | C27: =IFERROR(MATCH(B27,Data!$A$2:$A$718,0),MATCH(B27,Data!$A$2:$A$718,-1)) -> 497 | D27: =MIN($B$4,875-(C27+11)) -> 252 | E27: =INTERCEPT(OFFSET(Data!$G$1,C27+11,0,D27,1),OFFSET(Data!$F$1,C27+11,0,D27,1)) -> 0.0011870735 | F27: =SLOPE(OFFSET(Data!$G$1,C27+11,0,D27,1),OFFSET(Data!$F$1,C27+11,0,D27,1)) -> 1.1217334 | H27: =RSQ(OFFSET(Data!$G$1,C27+11,0,D27,1),OFFSET(Data!$F$1,C27+11,0,D27,1)) -> 0.37528432 | I27: =STEYX(OFFSET(Data!$G$1,C27+11,0,D27,1),OFFSET(Data!$F$1,C27+11,0,D27,1)) -> 0.015674184
A28: =A13 -> 4 | B28: =IF(WEEKDAY(C13)=6,C13+2,IF(WEEKDAY(C13)=7,C13+1,C13)) -> 45504 | C28: =IFERROR(MATCH(B28,Data!$A$2:$A$718,0),MATCH(B28,Data!$A$2:$A$718,-1)) -> 427 | D28: =MIN($B$4,717-(C28+11)) -> 252 | E28: =INTERCEPT(OFFSET(Data!$G$1,C28+11,0,D28,1),OFFSET(Data!$F$1,C28+11,0,D28,1)) -> 1.2483265e-05 | F28: =SLOPE(OFFSET(Data!$G$1,C28+11,0,D28,1),OFFSET(Data!$F$1,C28+11,0,D28,1)) -> 1.1850264 | H28: =RSQ(OFFSET(Data!$G$1,C28+11,0,D28,1),OFFSET(Data!$F$1,C28+11,0,D28,1)) -> 0.44518874 | I28: =STEYX(OFFSET(Data!$G$1,C28+11,0,D28,1),OFFSET(Data!$F$1,C28+11,0,D28,1)) -> 0.014435731
A29: =A14 -> 5 | B29: =IF(WEEKDAY(C14)=6,C14+2,IF(WEEKDAY(C14)=7,C14+1,C14)) -> 45571 | C29: =IFERROR(MATCH(B29,Data!$A$2:$A$718,0),MATCH(B29,Data!$A$2:$A$718,-1)) -> 383 | D29: =MIN($B$4,717-(C29+11)) -> 252 | E29: =INTERCEPT(OFFSET(Data!$G$1,C29+11,0,D29,1),OFFSET(Data!$F$1,C29+11,0,D29,1)) -> 0.00015708143 | F29: =SLOPE(OFFSET(Data!$G$1,C29+11,0,D29,1),OFFSET(Data!$F$1,C29+11,0,D29,1)) -> 1.2128881 | H29: =RSQ(OFFSET(Data!$G$1,C29+11,0,D29,1),OFFSET(Data!$F$1,C29+11,0,D29,1)) -> 0.4511336 | I29: =STEYX(OFFSET(Data!$G$1,C29+11,0,D29,1),OFFSET(Data!$F$1,C29+11,0,D29,1)) -> 0.014684599
A30: =A15 -> 6 | B30: =IF(WEEKDAY(C15)=6,C15+2,IF(WEEKDAY(C15)=7,C15+1,C15)) -> 45623 | C30: =IFERROR(MATCH(B30,Data!$A$2:$A$718,0),MATCH(B30,Data!$A$2:$A$718,-1)) -> 349 | D30: =MIN($B$4,717-(C30+11)) -> 252 | E30: =INTERCEPT(OFFSET(Data!$G$1,C30+11,0,D30,1),OFFSET(Data!$F$1,C30+11,0,D30,1)) -> -0.00014222531 | F30: =SLOPE(OFFSET(Data!$G$1,C30+11,0,D30,1),OFFSET(Data!$F$1,C30+11,0,D30,1)) -> 1.2857621 | H30: =RSQ(OFFSET(Data!$G$1,C30+11,0,D30,1),OFFSET(Data!$F$1,C30+11,0,D30,1)) -> 0.40488194 | I30: =STEYX(OFFSET(Data!$G$1,C30+11,0,D30,1),OFFSET(Data!$F$1,C30+11,0,D30,1)) -> 0.014930032
A31: =A16 -> 7 | B31: =IF(WEEKDAY(C16)=6,C16+2,IF(WEEKDAY(C16)=7,C16+1,C16)) -> 45672 | C31: =IFERROR(MATCH(B31,Data!$A$2:$A$718,0),MATCH(B31,Data!$A$2:$A$718,-1)) -> 314 | D31: =MIN($B$4,717-(C31+11)) -> 252 | E31: =INTERCEPT(OFFSET(Data!$G$1,C31+11,0,D31,1),OFFSET(Data!$F$1,C31+11,0,D31,1)) -> -0.00019690886 | F31: =SLOPE(OFFSET(Data!$G$1,C31+11,0,D31,1),OFFSET(Data!$F$1,C31+11,0,D31,1)) -> 1.2085727 | H31: =RSQ(OFFSET(Data!$G$1,C31+11,0,D31,1),OFFSET(Data!$F$1,C31+11,0,D31,1)) -> 0.34698948 | I31: =STEYX(OFFSET(Data!$G$1,C31+11,0,D31,1),OFFSET(Data!$F$1,C31+11,0,D31,1)) -> 0.014935076
A32: =A17 -> 8 | B32: =IF(WEEKDAY(C17)=6,C17+2,IF(WEEKDAY(C17)=7,C17+1,C17)) -> 45789 | C32: =IFERROR(MATCH(B32,Data!$A$2:$A$718,0),MATCH(B32,Data!$A$2:$A$718,-1)) -> 234 | D32: =MIN($B$4,717-(C32+11)) -> 252 | E32: =INTERCEPT(OFFSET(Data!$G$1,C32+11,0,D32,1),OFFSET(Data!$F$1,C32+11,0,D32,1)) -> -0.0007467555 | F32: =SLOPE(OFFSET(Data!$G$1,C32+11,0,D32,1),OFFSET(Data!$F$1,C32+11,0,D32,1)) -> 1.112002 | H32: =RSQ(OFFSET(Data!$G$1,C32+11,0,D32,1),OFFSET(Data!$F$1,C32+11,0,D32,1)) -> 0.32834484 | I32: =STEYX(OFFSET(Data!$G$1,C32+11,0,D32,1),OFFSET(Data!$F$1,C32+11,0,D32,1)) -> 0.016032163
A33: =A18 -> 9 | B33: =IF(WEEKDAY(C18)=6,C18+2,IF(WEEKDAY(C18)=7,C18+1,C18)) -> 45823 | C33: =IFERROR(MATCH(B33,Data!$A$2:$A$718,0),MATCH(B33,Data!$A$2:$A$718,-1)) -> 212 | D33: =MIN($B$4,717-(C33+11)) -> 252 | E33: =INTERCEPT(OFFSET(Data!$G$1,C33+11,0,D33,1),OFFSET(Data!$F$1,C33+11,0,D33,1)) -> -0.0003824267 | F33: =SLOPE(OFFSET(Data!$G$1,C33+11,0,D33,1),OFFSET(Data!$F$1,C33+11,0,D33,1)) -> 1.1191461 | H33: =RSQ(OFFSET(Data!$G$1,C33+11,0,D33,1),OFFSET(Data!$F$1,C33+11,0,D33,1)) -> 0.33041799 | I33: =STEYX(OFFSET(Data!$G$1,C33+11,0,D33,1),OFFSET(Data!$F$1,C33+11,0,D33,1)) -> 0.015880047
A34: =A19 -> 10 | B34: =IF(WEEKDAY(C19)=6,C19+2,IF(WEEKDAY(C19)=7,C19+1,C19)) -> 45939 | C34: =IFERROR(MATCH(B34,Data!$A$2:$A$718,0),MATCH(B34,Data!$A$2:$A$718,-1)) -> 136 | D34: =MIN($B$4,717-(C34+11)) -> 252 | E34: =INTERCEPT(OFFSET(Data!$G$1,C34+11,0,D34,1),OFFSET(Data!$F$1,C34+11,0,D34,1)) -> -0.00082260592 | F34: =SLOPE(OFFSET(Data!$G$1,C34+11,0,D34,1),OFFSET(Data!$F$1,C34+11,0,D34,1)) -> 1.0944115 | H34: =RSQ(OFFSET(Data!$G$1,C34+11,0,D34,1),OFFSET(Data!$F$1,C34+11,0,D34,1)) -> 0.32052367 | I34: =STEYX(OFFSET(Data!$G$1,C34+11,0,D34,1),OFFSET(Data!$F$1,C34+11,0,D34,1)) -> 0.015956258
A35: =A20 -> 11 | B35: =IF(WEEKDAY(C20)=7, C20+2, IF(WEEKDAY(C20)=1, C20+1, C20)) -> 46083 | C35: =IFERROR(MATCH(B35,Data!$A$2:$A$718,0),MATCH(B35,Data!$A$2:$A$718,-1)) -> 37 | D35: =MIN($B$4,717-(C35+11)) -> 252 | E35: =INTERCEPT(OFFSET(Data!$G$1,C35+11,0,D35,1),OFFSET(Data!$F$1,C35+11,0,D35,1)) -> -0.00099985744 | F35: =SLOPE(OFFSET(Data!$G$1,C35+11,0,D35,1),OFFSET(Data!$F$1,C35+11,0,D35,1)) -> 1.0400682 | H35: =RSQ(OFFSET(Data!$G$1,C35+11,0,D35,1),OFFSET(Data!$F$1,C35+11,0,D35,1)) -> 0.34312822 | I35: =STEYX(OFFSET(Data!$G$1,C35+11,0,D35,1),OFFSET(Data!$F$1,C35+11,0,D35,1)) -> 0.015699861
A36: =A21 -> 12 | B36: =IF(WEEKDAY(C21)=7, C21+2, IF(WEEKDAY(C21)=1, C21+1, C21)) -> 46121 | C36: =IFERROR(MATCH(B36,Data!$A$2:$A$718,0),MATCH(B36,Data!$A$2:$A$718,-1)) -> 14 | D36: =MIN($B$4,717-(C36+11)) -> 252 | E36: =INTERCEPT(OFFSET(Data!$G$1,C36+11,0,D36,1),OFFSET(Data!$F$1,C36+11,0,D36,1)) -> -0.00096423103 | F36: =SLOPE(OFFSET(Data!$G$1,C36+11,0,D36,1),OFFSET(Data!$F$1,C36+11,0,D36,1)) -> 1.0115585 | H36: =RSQ(OFFSET(Data!$G$1,C36+11,0,D36,1),OFFSET(Data!$F$1,C36+11,0,D36,1)) -> 0.33478655 | I36: =STEYX(OFFSET(Data!$G$1,C36+11,0,D36,1),OFFSET(Data!$F$1,C36+11,0,D36,1)) -> 0.016206939
A38: Event windows [-10, +10] — AR = Actual − Expected; t = AR / sey; CAR = (1+CARprev)(1+AR)−1
A39: Event 1 | B39: =E10 -> Hamas attack; Israel declares war
A40: rel day | B40: weekday | C40: Date | D40: Actual | E40: Expected | F40: AR | G40: t-test | H40: Sig? | I40: CAR | L40: SIG?
A41: 10 | B41: =TEXT(WEEKDAY(C41),"ddd") -> Sun | C41: =OFFSET(Data!$A$1,$C$25-A41,0,1,1) -> 45221 | D41: =_xlfn.XLOOKUP(C41,Data!$A:$A,Data!$G:$G) -> -0.013732834 | E41: =$E$25+$F$25*_xlfn.XLOOKUP(C41,Data!$A:$A,Data!$F:$F) -> -0.035095035 | F41: =D41-E41 -> 0.021362201 | G41: =F41/$I$25 -> 1.170304 | H41: =IF(ABS(G41)<$B$6,"No","Yes") -> No | I41: =(1+I42)*(1+F41)-1 -> 0.050423102
A42: 9 | B42: =TEXT(WEEKDAY(C42),"ddd") -> Thu | C42: =OFFSET(Data!$A$1,$C$25-A42,0,1,1) -> 45218 | D42: =_xlfn.XLOOKUP(C42,Data!$A:$A,Data!$G:$G) -> -0.0058951288 | E42: =$E$25+$F$25*_xlfn.XLOOKUP(C42,Data!$A:$A,Data!$F:$F) -> -0.024808829 | F42: =D42-E42 -> 0.0189137 | G42: =F42/$I$25 -> 1.0361656 | H42: =IF(ABS(G42)<$B$6,"No","Yes") -> No | I42: =(1+I43)*(1+F42)-1 -> 0.028453081
A43: 8 | B43: =TEXT(WEEKDAY(C43),"ddd") -> Wed | C43: =OFFSET(Data!$A$1,$C$25-A43,0,1,1) -> 45217 | D43: =_xlfn.XLOOKUP(C43,Data!$A:$A,Data!$G:$G) -> 0.0056162246 | E43: =$E$25+$F$25*_xlfn.XLOOKUP(C43,Data!$A:$A,Data!$F:$F) -> 0.0079839157 | F43: =D43-E43 -> -0.0023676911 | G43: =F43/$I$25 -> -0.12971127 | H43: =IF(ABS(G43)<$B$6,"No","Yes") -> No | I43: =(1+I44)*(1+F43)-1 -> 0.0093623053
A44: 7 | B44: =TEXT(WEEKDAY(C44),"ddd") -> Tue | C44: =OFFSET(Data!$A$1,$C$25-A44,0,1,1) -> 45216 | D44: =_xlfn.XLOOKUP(C44,Data!$A:$A,Data!$G:$G) -> -0.013238916 | E44: =$E$25+$F$25*_xlfn.XLOOKUP(C44,Data!$A:$A,Data!$F:$F) -> -0.0052404938 | F44: =D44-E44 -> -0.0079984225 | G44: =F44/$I$25 -> -0.43818451 | H44: =IF(ABS(G44)<$B$6,"No","Yes") -> No | I44: =(1+I45)*(1+F44)-1 -> 0.011757835
A45: 6 | B45: =TEXT(WEEKDAY(C45),"ddd") -> Mon | C45: =OFFSET(Data!$A$1,$C$25-A45,0,1,1) -> 45215 | D45: =_xlfn.XLOOKUP(C45,Data!$A:$A,Data!$G:$G) -> 0.041025641 | E45: =$E$25+$F$25*_xlfn.XLOOKUP(C45,Data!$A:$A,Data!$F:$F) -> 0.033391113 | F45: =D45-E45 -> 0.0076345278 | G45: =F45/$I$25 -> 0.41824896 | H45: =IF(ABS(G45)<$B$6,"No","Yes") -> No | I45: =(1+I46)*(1+F45)-1 -> 0.019915551
A46: 5 | B46: =TEXT(WEEKDAY(C46),"ddd") -> Sun | C46: =OFFSET(Data!$A$1,$C$25-A46,0,1,1) -> 45214 | D46: =_xlfn.XLOOKUP(C46,Data!$A:$A,Data!$G:$G) -> -0.038224414 | E46: =$E$25+$F$25*_xlfn.XLOOKUP(C46,Data!$A:$A,Data!$F:$F) -> -0.053884562 | F46: =D46-E46 -> 0.015660148 | G46: =F46/$I$25 -> 0.85792346 | H46: =IF(ABS(G46)<$B$6,"No","Yes") -> No | I46: =(1+I47)*(1+F46)-1 -> 0.012187974
A47: 4 | B47: =TEXT(WEEKDAY(C47),"ddd") -> Thu | C47: =OFFSET(Data!$A$1,$C$25-A47,0,1,1) -> 45211 | D47: =_xlfn.XLOOKUP(C47,Data!$A:$A,Data!$G:$G) -> -0.015477997 | E47: =$E$25+$F$25*_xlfn.XLOOKUP(C47,Data!$A:$A,Data!$F:$F) -> -0.0060277052 | F47: =D47-E47 -> -0.0094502918 | G47: =F47/$I$25 -> -0.51772353 | H47: =IF(ABS(G47)<$B$6,"No","Yes") -> No | I47: =(1+I48)*(1+F47)-1 -> -0.0034186381
A48: 3 | B48: =TEXT(WEEKDAY(C48),"ddd") -> Wed | C48: =OFFSET(Data!$A$1,$C$25-A48,0,1,1) -> 45210 | D48: =_xlfn.XLOOKUP(C48,Data!$A:$A,Data!$G:$G) -> -0.049336411 | E48: =$E$25+$F$25*_xlfn.XLOOKUP(C48,Data!$A:$A,Data!$F:$F) -> -0.019911335 | F48: =D48-E48 -> -0.029425075 | G48: =F48/$I$25 -> -1.6120194 | H48: =IF(ABS(G48)<$B$6,"No","Yes") -> No | I48: =(1+I49)*(1+F48)-1 -> 0.0060891984
A49: 2 | B49: =TEXT(WEEKDAY(C49),"ddd") -> Tue | C49: =OFFSET(Data!$A$1,$C$25-A49,0,1,1) -> 45209 | D49: =_xlfn.XLOOKUP(C49,Data!$A:$A,Data!$G:$G) -> 0.026354753 | E49: =$E$25+$F$25*_xlfn.XLOOKUP(C49,Data!$A:$A,Data!$F:$F) -> 0.020298509 | F49: =D49-E49 -> 0.0060562441 | G49: =F49/$I$25 -> 0.33178447 | H49: =IF(ABS(G49)<$B$6,"No","Yes") -> No | I49: =(1+I50)*(1+F49)-1 -> 0.036590966
A50: 1 | B50: =TEXT(WEEKDAY(C50),"ddd") -> Mon | C50: =OFFSET(Data!$A$1,$C$25-A50,0,1,1) -> 45208 | D50: =_xlfn.XLOOKUP(C50,Data!$A:$A,Data!$G:$G) -> -0.0085143864 | E50: =$E$25+$F$25*_xlfn.XLOOKUP(C50,Data!$A:$A,Data!$F:$F) -> 0.01028289 | F50: =D50-E50 -> -0.018797276 | G50: =F50/$I$25 -> -1.0297875 | H50: =IF(ABS(G50)<$B$6,"No","Yes") -> No | I50: =(1+I51)*(1+F50)-1 -> 0.030350909
A51: 0 | B51: =TEXT(WEEKDAY(C51),"ddd") -> Sun | C51: =OFFSET(Data!$A$1,$C$25-A51,0,1,1) -> 45207 | D51: =_xlfn.XLOOKUP(C51,Data!$A:$A,Data!$G:$G) -> -0.085146387 | E51: =$E$25+$F$25*_xlfn.XLOOKUP(C51,Data!$A:$A,Data!$F:$F) -> -0.093613488 | F51: =D51-E51 -> 0.0084671006 | G51: =F51/$I$25 -> 0.46386051 | H51: =IF(ABS(G51)<$B$6,"No","Yes") -> No | I51: =(1+I52)*(1+F51)-1 -> 0.050089736
A52: -1 | B52: =TEXT(WEEKDAY(C52),"ddd") -> Thu | C52: =OFFSET(Data!$A$1,$C$25-A52,0,1,1) -> 45204 | D52: =_xlfn.XLOOKUP(C52,Data!$A:$A,Data!$G:$G) -> -0.0085219707 | E52: =$E$25+$F$25*_xlfn.XLOOKUP(C52,Data!$A:$A,Data!$F:$F) -> -0.0040918752 | F52: =D52-E52 -> -0.0044300955 | G52: =F52/$I$25 -> -0.24269776 | H52: =IF(ABS(G52)<$B$6,"No","Yes") -> No | I52: =(1+I53)*(1+F52)-1 -> 0.041273172
... A60: -9 | B60: =TEXT(WEEKDAY(C60),"ddd") -> Thu | C60: =OFFSET(Data!$A$1,$C$25-A60,0,1,1) -> 45190 | D60: =_xlfn.XLOOKUP(C60,Data!$A:$A,Data!$G:$G) -> 0.0027322404 | E60: =$E$25+$F$25*_xlfn.XLOOKUP(C60,Data!$A:$A,Data!$F:$F) -> 7.03582e-05 | F60: =D60-E60 -> 0.0026618822 | G60: =F60/$I$25 -> 0.1458282 | H60: =IF(ABS(G60)<$B$6,"No","Yes") -> No | I60: =(1+I61)*(1+F60)-1 -> 0.010847594
A61: -10 | B61: =TEXT(WEEKDAY(C61),"ddd") -> Wed | C61: =OFFSET(Data!$A$1,$C$25-A61,0,1,1) -> 45189 | D61: =_xlfn.XLOOKUP(C61,Data!$A:$A,Data!$G:$G) -> 0.024349286 | E61: =$E$25+$F$25*_xlfn.XLOOKUP(C61,Data!$A:$A,Data!$F:$F) -> 0.016185306 | F61: =D61-E61 -> 0.0081639801 | G61: =F61/$I$25 -> 0.4472544 | H61: =IF(ABS(G61)<$B$6,"No","Yes") -> No | I61: =F61 -> 0.0081639801
A63: Event 2 | B63: =E11 -> First hostage truce (105 freed)
A64: rel day | B64: weekday | C64: Date | D64: Actual | E64: Expected | F64: AR | G64: t-test | H64: Sig? | I64: CAR
A65: 10 | B65: =TEXT(WEEKDAY(C65),"ddd") -> Wed | C65: =OFFSET(Data!$A$1,$C$26-A65,0,1,1) -> 45266 | D65: =_xlfn.XLOOKUP(C65,Data!$A:$A,Data!$G:$G) -> 0.038265306 | E65: =$E$26+$F$26*_xlfn.XLOOKUP(C65,Data!$A:$A,Data!$F:$F) -> 0.0028454183 | F65: =D65-E65 -> 0.035419888 | G65: =F65/$I$26 -> 1.9921938 | H65: =IF(ABS(G65)<$B$6,"No","Yes") -> Yes | I65: =(1+I66)*(1+F65)-1 -> 0.0011936388
A66: 9 | B66: =TEXT(WEEKDAY(C66),"ddd") -> Tue | C66: =OFFSET(Data!$A$1,$C$26-A66,0,1,1) -> 45265 | D66: =_xlfn.XLOOKUP(C66,Data!$A:$A,Data!$G:$G) -> 0.03648863 | E66: =$E$26+$F$26*_xlfn.XLOOKUP(C66,Data!$A:$A,Data!$F:$F) -> 0.017538865 | F66: =D66-E66 -> 0.018949766 | G66: =F66/$I$26 -> 1.0658308 | H66: =IF(ABS(G66)<$B$6,"No","Yes") -> No | I66: =(1+I67)*(1+F66)-1 -> -0.033055429
A67: 8 | B67: =TEXT(WEEKDAY(C67),"ddd") -> Mon | C67: =OFFSET(Data!$A$1,$C$26-A67,0,1,1) -> 45264 | D67: =_xlfn.XLOOKUP(C67,Data!$A:$A,Data!$G:$G) -> -0.0052603893 | E67: =$E$26+$F$26*_xlfn.XLOOKUP(C67,Data!$A:$A,Data!$F:$F) -> 0.0030405195 | F67: =D67-E67 -> -0.0083009088 | G67: =F67/$I$26 -> -0.46688515 | H67: =IF(ABS(G67)<$B$6,"No","Yes") -> No | I67: =(1+I68)*(1+F67)-1 -> -0.051038036
A68: 7 | B68: =TEXT(WEEKDAY(C68),"ddd") -> Sun | C68: =OFFSET(Data!$A$1,$C$26-A68,0,1,1) -> 45263 | D68: =_xlfn.XLOOKUP(C68,Data!$A:$A,Data!$G:$G) -> -0.007310705 | E68: =$E$26+$F$26*_xlfn.XLOOKUP(C68,Data!$A:$A,Data!$F:$F) -> 0.012994067 | F68: =D68-E68 -> -0.020304772 | G68: =F68/$I$26 -> -1.1420432 | H68: =IF(ABS(G68)<$B$6,"No","Yes") -> No | I68: =(1+I69)*(1+F68)-1 -> -0.043094854
A69: 6 | B69: =TEXT(WEEKDAY(C69),"ddd") -> Thu | C69: =OFFSET(Data!$A$1,$C$26-A69,0,1,1) -> 45260 | D69: =_xlfn.XLOOKUP(C69,Data!$A:$A,Data!$G:$G) -> -0.017696845 | E69: =$E$26+$F$26*_xlfn.XLOOKUP(C69,Data!$A:$A,Data!$F:$F) -> -0.022851747 | F69: =D69-E69 -> 0.0051549021 | G69: =F69/$I$26 -> 0.2899378 | H69: =IF(ABS(G69)<$B$6,"No","Yes") -> No | I69: =(1+I70)*(1+F69)-1 -> -0.02326242
A70: 5 | B70: =TEXT(WEEKDAY(C70),"ddd") -> Wed | C70: =OFFSET(Data!$A$1,$C$26-A70,0,1,1) -> 45259 | D70: =_xlfn.XLOOKUP(C70,Data!$A:$A,Data!$G:$G) -> 0.015364583 | E70: =$E$26+$F$26*_xlfn.XLOOKUP(C70,Data!$A:$A,Data!$F:$F) -> 0.013306948 | F70: =D70-E70 -> 0.0020576356 | G70: =F70/$I$26 -> 0.11573184 | H70: =IF(ABS(G70)<$B$6,"No","Yes") -> No | I70: =(1+I71)*(1+F70)-1 -> -0.028271585
A71: 4 | B71: =TEXT(WEEKDAY(C71),"ddd") -> Tue | C71: =OFFSET(Data!$A$1,$C$26-A71,0,1,1) -> 45258 | D71: =_xlfn.XLOOKUP(C71,Data!$A:$A,Data!$G:$G) -> 0.01132473 | E71: =$E$26+$F$26*_xlfn.XLOOKUP(C71,Data!$A:$A,Data!$F:$F) -> 0.00753117 | F71: =D71-E71 -> 0.0037935601 | G71: =F71/$I$26 -> 0.21336903 | H71: =IF(ABS(G71)<$B$6,"No","Yes") -> No | I71: =(1+I72)*(1+F71)-1 -> -0.030266942
A72: 3 | B72: =TEXT(WEEKDAY(C72),"ddd") -> Mon | C72: =OFFSET(Data!$A$1,$C$26-A72,0,1,1) -> 45257 | D72: =_xlfn.XLOOKUP(C72,Data!$A:$A,Data!$G:$G) -> -0.020634511 | E72: =$E$26+$F$26*_xlfn.XLOOKUP(C72,Data!$A:$A,Data!$F:$F) -> -0.011648739 | F72: =D72-E72 -> -0.0089857723 | G72: =F72/$I$26 -> -0.50540533 | H72: =IF(ABS(G72)<$B$6,"No","Yes") -> No | I72: =(1+I73)*(1+F72)-1 -> -0.03393178
A73: 2 | B73: =TEXT(WEEKDAY(C73),"ddd") -> Sun | C73: =OFFSET(Data!$A$1,$C$26-A73,0,1,1) -> 45256 | D73: =_xlfn.XLOOKUP(C73,Data!$A:$A,Data!$G:$G) -> 0.025390108 | E73: =$E$26+$F$26*_xlfn.XLOOKUP(C73,Data!$A:$A,Data!$F:$F) -> 0.0055740056 | F73: =D73-E73 -> 0.019816103 | G73: =F73/$I$26 -> 1.114558 | H73: =IF(ABS(G73)<$B$6,"No","Yes") -> No | I73: =(1+I74)*(1+F73)-1 -> -0.0251722
A74: 1 | B74: =TEXT(WEEKDAY(C74),"ddd") -> Thu | C74: =OFFSET(Data!$A$1,$C$26-A74,0,1,1) -> 45253 | D74: =_xlfn.XLOOKUP(C74,Data!$A:$A,Data!$G:$G) -> 0.004249668 | E74: =$E$26+$F$26*_xlfn.XLOOKUP(C74,Data!$A:$A,Data!$F:$F) -> 0.0039608679 | F74: =D74-E74 -> 0.0002888001 | G74: =F74/$I$26 -> 0.01624358 | H74: =IF(ABS(G74)<$B$6,"No","Yes") -> No | I74: =(1+I75)*(1+F74)-1 -> -0.044114132
A75: 0 | B75: =TEXT(WEEKDAY(C75),"ddd") -> Wed | C75: =OFFSET(Data!$A$1,$C$26-A75,0,1,1) -> 45252 | D75: =_xlfn.XLOOKUP(C75,Data!$A:$A,Data!$G:$G) -> 0.0056089744 | E75: =$E$26+$F$26*_xlfn.XLOOKUP(C75,Data!$A:$A,Data!$F:$F) -> 0.032015002 | F75: =D75-E75 -> -0.026406028 | G75: =F75/$I$26 -> -1.4852087 | H75: =IF(ABS(G75)<$B$6,"No","Yes") -> No | I75: =(1+I76)*(1+F75)-1 -> -0.044390113
A76: -1 | B76: =TEXT(WEEKDAY(C76),"ddd") -> Tue | C76: =OFFSET(Data!$A$1,$C$26-A76,0,1,1) -> 45251 | D76: =_xlfn.XLOOKUP(C76,Data!$A:$A,Data!$G:$G) -> 0.011618481 | E76: =$E$26+$F$26*_xlfn.XLOOKUP(C76,Data!$A:$A,Data!$F:$F) -> 0.0097544537 | F76: =D76-E76 -> 0.0018640278 | G76: =F76/$I$26 -> 0.10484236 | H76: =IF(ABS(G76)<$B$6,"No","Yes") -> No | I76: =(1+I77)*(1+F76)-1 -> -0.018471853
... A84: -9 | B84: =TEXT(WEEKDAY(C84),"ddd") -> Thu | C84: =OFFSET(Data!$A$1,$C$26-A84,0,1,1) -> 45239 | D84: =_xlfn.XLOOKUP(C84,Data!$A:$A,Data!$G:$G) -> -0.0027700831 | E84: =$E$26+$F$26*_xlfn.XLOOKUP(C84,Data!$A:$A,Data!$F:$F) -> -0.0073464915 | F84: =D84-E84 -> 0.0045764084 | G84: =F84/$I$26 -> 0.25740038 | H84: =IF(ABS(G84)<$B$6,"No","Yes") -> No | I84: =(1+I85)*(1+F84)-1 -> -0.014850659
A85: -10 | B85: =TEXT(WEEKDAY(C85),"ddd") -> Wed | C85: =OFFSET(Data!$A$1,$C$26-A85,0,1,1) -> 45238 | D85: =_xlfn.XLOOKUP(C85,Data!$A:$A,Data!$G:$G) -> -0.027478448 | E85: =$E$26+$F$26*_xlfn.XLOOKUP(C85,Data!$A:$A,Data!$F:$F) -> -0.0081398816 | F85: =D85-E85 -> -0.019338567 | G85: =F85/$I$26 -> -1.0876989 | H85: =IF(ABS(G85)<$B$6,"No","Yes") -> No | I85: =F85 -> -0.019338567
A87: Event 3 | B87: =E12 -> Iran first direct attack
A88: rel day | B88: weekday | C88: Date | D88: Actual | E88: Expected | F88: AR | G88: t-test | H88: Sig? | I88: CAR
A89: 10 | B89: =TEXT(WEEKDAY(C89),"ddd") -> Thu | C89: =OFFSET(Data!$A$1,$C$27-A89,0,1,1) -> 45414 | D89: =_xlfn.XLOOKUP(C89,Data!$A:$A,Data!$G:$G) -> 0 | E89: =$E$27+$F$27*_xlfn.XLOOKUP(C89,Data!$A:$A,Data!$F:$F) -> 0.0050592739 | F89: =D89-E89 -> -0.0050592739 | G89: =F89/$I$27 -> -0.32277749 | H89: =IF(ABS(G89)<$B$6,"No","Yes") -> No | I89: =(1+I90)*(1+F89)-1 -> -0.019984935
A90: 9 | B90: =TEXT(WEEKDAY(C90),"ddd") -> Wed | C90: =OFFSET(Data!$A$1,$C$27-A90,0,1,1) -> 45413 | D90: =_xlfn.XLOOKUP(C90,Data!$A:$A,Data!$G:$G) -> 0.0019788918 | E90: =$E$27+$F$27*_xlfn.XLOOKUP(C90,Data!$A:$A,Data!$F:$F) -> -0.0075387151 | F90: =D90-E90 -> 0.009517607 | G90: =F90/$I$27 -> 0.60721545 | H90: =IF(ABS(G90)<$B$6,"No","Yes") -> No | I90: =(1+I91)*(1+F90)-1 -> -0.015001558
A91: 8 | B91: =TEXT(WEEKDAY(C91),"ddd") -> Tue | C91: =OFFSET(Data!$A$1,$C$27-A91,0,1,1) -> 45412 | D91: =_xlfn.XLOOKUP(C91,Data!$A:$A,Data!$G:$G) -> -0.0026315789 | E91: =$E$27+$F$27*_xlfn.XLOOKUP(C91,Data!$A:$A,Data!$F:$F) -> 0.014066201 | F91: =D91-E91 -> -0.01669778 | G91: =F91/$I$27 -> -1.0653045 | H91: =IF(ABS(G91)<$B$6,"No","Yes") -> No | I91: =(1+I92)*(1+F91)-1 -> -0.024288001
A92: 7 | B92: =TEXT(WEEKDAY(C92),"ddd") -> Thu | C92: =OFFSET(Data!$A$1,$C$27-A92,0,1,1) -> 45407 | D92: =_xlfn.XLOOKUP(C92,Data!$A:$A,Data!$G:$G) -> -0.01511879 | E92: =$E$27+$F$27*_xlfn.XLOOKUP(C92,Data!$A:$A,Data!$F:$F) -> -0.0067418862 | F92: =D92-E92 -> -0.0083769043 | G92: =F92/$I$27 -> -0.53443957 | H92: =IF(ABS(G92)<$B$6,"No","Yes") -> No | I92: =(1+I93)*(1+F92)-1 -> -0.0077191131
A93: 6 | B93: =TEXT(WEEKDAY(C93),"ddd") -> Wed | C93: =OFFSET(Data!$A$1,$C$27-A93,0,1,1) -> 45406 | D93: =_xlfn.XLOOKUP(C93,Data!$A:$A,Data!$G:$G) -> 0.026607539 | E93: =$E$27+$F$27*_xlfn.XLOOKUP(C93,Data!$A:$A,Data!$F:$F) -> 0.0039779969 | F93: =D93-E93 -> 0.022629542 | G93: =F93/$I$27 -> 1.4437461 | H93: =IF(ABS(G93)<$B$6,"No","Yes") -> No | I93: =(1+I94)*(1+F93)-1 -> 0.00066334793
A94: 5 | B94: =TEXT(WEEKDAY(C94),"ddd") -> Sun | C94: =OFFSET(Data!$A$1,$C$27-A94,0,1,1) -> 45403 | D94: =_xlfn.XLOOKUP(C94,Data!$A:$A,Data!$G:$G) -> 0.045191194 | E94: =$E$27+$F$27*_xlfn.XLOOKUP(C94,Data!$A:$A,Data!$F:$F) -> 0.014747776 | F94: =D94-E94 -> 0.030443417 | G94: =F94/$I$27 -> 1.9422649 | H94: =IF(ABS(G94)<$B$6,"No","Yes") -> No | I94: =(1+I95)*(1+F94)-1 -> -0.021480109
A95: 4 | B95: =TEXT(WEEKDAY(C95),"ddd") -> Thu | C95: =OFFSET(Data!$A$1,$C$27-A95,0,1,1) -> 45400 | D95: =_xlfn.XLOOKUP(C95,Data!$A:$A,Data!$G:$G) -> -0.00827396 | E95: =$E$27+$F$27*_xlfn.XLOOKUP(C95,Data!$A:$A,Data!$F:$F) -> 0.013690789 | F95: =D95-E95 -> -0.021964749 | G95: =F95/$I$27 -> -1.4013328 | H95: =IF(ABS(G95)<$B$6,"No","Yes") -> No | I95: =(1+I96)*(1+F95)-1 -> -0.050389498
A96: 3 | B96: =TEXT(WEEKDAY(C96),"ddd") -> Wed | C96: =OFFSET(Data!$A$1,$C$27-A96,0,1,1) -> 45399 | D96: =_xlfn.XLOOKUP(C96,Data!$A:$A,Data!$G:$G) -> -0.015833522 | E96: =$E$27+$F$27*_xlfn.XLOOKUP(C96,Data!$A:$A,Data!$F:$F) -> -0.010202792 | F96: =D96-E96 -> -0.0056307295 | G96: =F96/$I$27 -> -0.35923589 | H96: =IF(ABS(G96)<$B$6,"No","Yes") -> No | I96: =(1+I97)*(1+F96)-1 -> -0.029063113
A97: 2 | B97: =TEXT(WEEKDAY(C97),"ddd") -> Tue | C97: =OFFSET(Data!$A$1,$C$27-A97,0,1,1) -> 45398 | D97: =_xlfn.XLOOKUP(C97,Data!$A:$A,Data!$G:$G) -> -0.013169643 | E97: =$E$27+$F$27*_xlfn.XLOOKUP(C97,Data!$A:$A,Data!$F:$F) -> -0.002510243 | F97: =D97-E97 -> -0.0106594 | G97: =F97/$I$27 -> -0.6800609 | H97: =IF(ABS(G97)<$B$6,"No","Yes") -> No | I97: =(1+I98)*(1+F97)-1 -> -0.023565072
A98: 1 | B98: =TEXT(WEEKDAY(C98),"ddd") -> Mon | C98: =OFFSET(Data!$A$1,$C$27-A98,0,1,1) -> 45397 | D98: =_xlfn.XLOOKUP(C98,Data!$A:$A,Data!$G:$G) -> -0.0095069644 | E98: =$E$27+$F$27*_xlfn.XLOOKUP(C98,Data!$A:$A,Data!$F:$F) -> -0.010476655 | F98: =D98-E98 -> 0.00096969021 | G98: =F98/$I$27 -> 0.061865433 | H98: =IF(ABS(G98)<$B$6,"No","Yes") -> No | I98: =(1+I99)*(1+F98)-1 -> -0.013044721
A99: 0 | B99: =TEXT(WEEKDAY(C99),"ddd") -> Sun | C99: =OFFSET(Data!$A$1,$C$27-A99,0,1,1) -> 45396 | D99: =_xlfn.XLOOKUP(C99,Data!$A:$A,Data!$G:$G) -> 0.00022114109 | E99: =$E$27+$F$27*_xlfn.XLOOKUP(C99,Data!$A:$A,Data!$F:$F) -> 0.0046792798 | F99: =D99-E99 -> -0.0044581387 | G99: =F99/$I$27 -> -0.28442556 | H99: =IF(ABS(G99)<$B$6,"No","Yes") -> No | I99: =(1+I100)*(1+F99)-1 -> -0.014000835
A100: -1 | B100: =TEXT(WEEKDAY(C100),"ddd") -> Thu | C100: =OFFSET(Data!$A$1,$C$27-A100,0,1,1) -> 45393 | D100: =_xlfn.XLOOKUP(C100,Data!$A:$A,Data!$G:$G) -> -0.0076804916 | E100: =$E$27+$F$27*_xlfn.XLOOKUP(C100,Data!$A:$A,Data!$F:$F) -> -0.01723571 | F100: =D100-E100 -> 0.0095552189 | G100: =F100/$I$27 -> 0.60961506 | H100: =IF(ABS(G100)<$B$6,"No","Yes") -> No | I100: =(1+I101)*(1+F100)-1 -> -0.009585429
... A108: -9 | B108: =TEXT(WEEKDAY(C108),"ddd") -> Mon | C108: =OFFSET(Data!$A$1,$C$27-A108,0,1,1) -> 45383 | D108: =_xlfn.XLOOKUP(C108,Data!$A:$A,Data!$G:$G) -> 0 | E108: =$E$27+$F$27*_xlfn.XLOOKUP(C108,Data!$A:$A,Data!$F:$F) -> -0.0016617907 | F108: =D108-E108 -> 0.0016617907 | G108: =F108/$I$27 -> 0.10602087 | H108: =IF(ABS(G108)<$B$6,"No","Yes") -> No | I108: =(1+I109)*(1+F108)-1 -> 0.016063585
A109: -10 | B109: =TEXT(WEEKDAY(C109),"ddd") -> Sun | C109: =OFFSET(Data!$A$1,$C$27-A109,0,1,1) -> 45382 | D109: =_xlfn.XLOOKUP(C109,Data!$A:$A,Data!$G:$G) -> 0.021186441 | E109: =$E$27+$F$27*_xlfn.XLOOKUP(C109,Data!$A:$A,Data!$F:$F) -> 0.0068085393 | F109: =D109-E109 -> 0.014377901 | G109: =F109/$I$27 -> 0.91729822 | H109: =IF(ABS(G109)<$B$6,"No","Yes") -> No | I109: =F109 -> 0.014377901
A111: Event 4 | B111: =E13 -> Haniyeh assassinated in Tehran
A112: rel day | B112: weekday | C112: Date | D112: Actual | E112: Expected | F112: AR | G112: t-test | H112: Sig? | I112: CAR
A113: 10 | B113: =TEXT(WEEKDAY(C113),"ddd") -> Thu | C113: =OFFSET(Data!$A$1,$C$28-A113,0,1,1) -> 45519 | D113: =_xlfn.XLOOKUP(C113,Data!$A:$A,Data!$G:$G) -> 0.032592593 | E113: =$E$28+$F$28*_xlfn.XLOOKUP(C113,Data!$A:$A,Data!$F:$F) -> 0.018491174 | F113: =D113-E113 -> 0.014101419 | G113: =F113/$I$28 -> 0.97684134 | H113: =IF(ABS(G113)<$B$6,"No","Yes") -> No | I113: =(1+I114)*(1+F113)-1 -> 0.0048051618
A114: 9 | B114: =TEXT(WEEKDAY(C114),"ddd") -> Wed | C114: =OFFSET(Data!$A$1,$C$28-A114,0,1,1) -> 45518 | D114: =_xlfn.XLOOKUP(C114,Data!$A:$A,Data!$G:$G) -> 0.0049627792 | E114: =$E$28+$F$28*_xlfn.XLOOKUP(C114,Data!$A:$A,Data!$F:$F) -> 0.021127115 | F114: =D114-E114 -> -0.016164336 | G114: =F114/$I$28 -> -1.1197449 | H114: =IF(ABS(G114)<$B$6,"No","Yes") -> No | I114: =(1+I115)*(1+F114)-1 -> -0.0091669894
A115: 8 | B115: =TEXT(WEEKDAY(C115),"ddd") -> Mon | C115: =OFFSET(Data!$A$1,$C$28-A115,0,1,1) -> 45516 | D115: =_xlfn.XLOOKUP(C115,Data!$A:$A,Data!$G:$G) -> -0.021131892 | E115: =$E$28+$F$28*_xlfn.XLOOKUP(C115,Data!$A:$A,Data!$F:$F) -> -0.0171788 | F115: =D115-E115 -> -0.0039530918 | G115: =F115/$I$28 -> -0.27384077 | H115: =IF(ABS(G115)<$B$6,"No","Yes") -> No | I115: =(1+I116)*(1+F115)-1 -> 0.0071123126
A116: 7 | B116: =TEXT(WEEKDAY(C116),"ddd") -> Sun | C116: =OFFSET(Data!$A$1,$C$28-A116,0,1,1) -> 45515 | D116: =_xlfn.XLOOKUP(C116,Data!$A:$A,Data!$G:$G) -> -0.010098581 | E116: =$E$28+$F$28*_xlfn.XLOOKUP(C116,Data!$A:$A,Data!$F:$F) -> 0.0034381187 | F116: =D116-E116 -> -0.0135367 | G116: =F116/$I$28 -> -0.93772183 | H116: =IF(ABS(G116)<$B$6,"No","Yes") -> No | I116: =(1+I117)*(1+F116)-1 -> 0.011109321
A117: 6 | B117: =TEXT(WEEKDAY(C117),"ddd") -> Thu | C117: =OFFSET(Data!$A$1,$C$28-A117,0,1,1) -> 45512 | D117: =_xlfn.XLOOKUP(C117,Data!$A:$A,Data!$G:$G) -> 0.029710324 | E117: =$E$28+$F$28*_xlfn.XLOOKUP(C117,Data!$A:$A,Data!$F:$F) -> 0.015499998 | F117: =D117-E117 -> 0.014210326 | G117: =F117/$I$28 -> 0.98438564 | H117: =IF(ABS(G117)<$B$6,"No","Yes") -> No | I117: =(1+I118)*(1+F117)-1 -> 0.024984225
A118: 5 | B118: =TEXT(WEEKDAY(C118),"ddd") -> Wed | C118: =OFFSET(Data!$A$1,$C$28-A118,0,1,1) -> 45511 | D118: =_xlfn.XLOOKUP(C118,Data!$A:$A,Data!$G:$G) -> 0.014824121 | E118: =$E$28+$F$28*_xlfn.XLOOKUP(C118,Data!$A:$A,Data!$F:$F) -> 0.021107643 | F118: =D118-E118 -> -0.0062835229 | G118: =F118/$I$28 -> -0.4352757 | H118: =IF(ABS(G118)<$B$6,"No","Yes") -> No | I118: =(1+I119)*(1+F118)-1 -> 0.010622943
A119: 4 | B119: =TEXT(WEEKDAY(C119),"ddd") -> Tue | C119: =OFFSET(Data!$A$1,$C$28-A119,0,1,1) -> 45510 | D119: =_xlfn.XLOOKUP(C119,Data!$A:$A,Data!$G:$G) -> 0.0017618928 | E119: =$E$28+$F$28*_xlfn.XLOOKUP(C119,Data!$A:$A,Data!$F:$F) -> 0.01836971 | F119: =D119-E119 -> -0.016607817 | G119: =F119/$I$28 -> -1.150466 | H119: =IF(ABS(G119)<$B$6,"No","Yes") -> No | I119: =(1+I120)*(1+F119)-1 -> 0.01701337
A120: 3 | B120: =TEXT(WEEKDAY(C120),"ddd") -> Mon | C120: =OFFSET(Data!$A$1,$C$28-A120,0,1,1) -> 45509 | D120: =_xlfn.XLOOKUP(C120,Data!$A:$A,Data!$G:$G) -> 0 | E120: =$E$28+$F$28*_xlfn.XLOOKUP(C120,Data!$A:$A,Data!$F:$F) -> -0.010065006 | F120: =D120-E120 -> 0.010065006 | G120: =F120/$I$28 -> 0.6972287 | H120: =IF(ABS(G120)<$B$6,"No","Yes") -> No | I120: =(1+I121)*(1+F120)-1 -> 0.034188991
A121: 2 | B121: =TEXT(WEEKDAY(C121),"ddd") -> Sun | C121: =OFFSET(Data!$A$1,$C$28-A121,0,1,1) -> 45508 | D121: =_xlfn.XLOOKUP(C121,Data!$A:$A,Data!$G:$G) -> 0.018717949 | E121: =$E$28+$F$28*_xlfn.XLOOKUP(C121,Data!$A:$A,Data!$F:$F) -> -0.026883383 | F121: =D121-E121 -> 0.045601332 | G121: =F121/$I$28 -> 3.1589208 | H121: =IF(ABS(G121)<$B$6,"No","Yes") -> Yes | I121: =(1+I122)*(1+F121)-1 -> 0.023883597
A122: 1 | B122: =TEXT(WEEKDAY(C122),"ddd") -> Thu | C122: =OFFSET(Data!$A$1,$C$28-A122,0,1,1) -> 45505 | D122: =_xlfn.XLOOKUP(C122,Data!$A:$A,Data!$G:$G) -> -0.025487256 | E122: =$E$28+$F$28*_xlfn.XLOOKUP(C122,Data!$A:$A,Data!$F:$F) -> -0.018225354 | F122: =D122-E122 -> -0.0072619027 | G122: =F122/$I$28 -> -0.50305057 | H122: =IF(ABS(G122)<$B$6,"No","Yes") -> No | I122: =(1+I123)*(1+F122)-1 -> -0.020770569
A123: 0 | B123: =TEXT(WEEKDAY(C123),"ddd") -> Wed | C123: =OFFSET(Data!$A$1,$C$28-A123,0,1,1) -> 45504 | D123: =_xlfn.XLOOKUP(C123,Data!$A:$A,Data!$G:$G) -> 0 | E123: =$E$28+$F$28*_xlfn.XLOOKUP(C123,Data!$A:$A,Data!$F:$F) -> 0.0021991201 | F123: =D123-E123 -> -0.0021991201 | G123: =F123/$I$28 -> -0.15233867 | H123: =IF(ABS(G123)<$B$6,"No","Yes") -> No | I123: =(1+I124)*(1+F123)-1 -> -0.013607483
A124: -1 | B124: =TEXT(WEEKDAY(C124),"ddd") -> Tue | C124: =OFFSET(Data!$A$1,$C$28-A124,0,1,1) -> 45503 | D124: =_xlfn.XLOOKUP(C124,Data!$A:$A,Data!$G:$G) -> -0.0029895366 | E124: =$E$28+$F$28*_xlfn.XLOOKUP(C124,Data!$A:$A,Data!$F:$F) -> -0.010003451 | F124: =D124-E124 -> 0.0070139145 | G124: =F124/$I$28 -> 0.48587179 | H124: =IF(ABS(G124)<$B$6,"No","Yes") -> No | I124: =(1+I125)*(1+F124)-1 -> -0.011433506
... A132: -9 | B132: =TEXT(WEEKDAY(C132),"ddd") -> Thu | C132: =OFFSET(Data!$A$1,$C$28-A132,0,1,1) -> 45491 | D132: =_xlfn.XLOOKUP(C132,Data!$A:$A,Data!$G:$G) -> -0.0076548365 | E132: =$E$28+$F$28*_xlfn.XLOOKUP(C132,Data!$A:$A,Data!$F:$F) -> -0.0047769479 | F132: =D132-E132 -> -0.0028778886 | G132: =F132/$I$28 -> -0.1993587 | H132: =IF(ABS(G132)<$B$6,"No","Yes") -> No | I132: =(1+I133)*(1+F132)-1 -> 0.025970241
A133: -10 | B133: =TEXT(WEEKDAY(C133),"ddd") -> Wed | C133: =OFFSET(Data!$A$1,$C$28-A133,0,1,1) -> 45490 | D133: =_xlfn.XLOOKUP(C133,Data!$A:$A,Data!$G:$G) -> 0.022533207 | E133: =$E$28+$F$28*_xlfn.XLOOKUP(C133,Data!$A:$A,Data!$F:$F) -> -0.0063981838 | F133: =D133-E133 -> 0.028931391 | G133: =F133/$I$28 -> 2.0041514 | H133: =IF(ABS(G133)<$B$6,"No","Yes") -> Yes | I133: =F133 -> 0.028931391
A135: Event 5 | B135: =E14 -> Iran second attack (~180 missiles)
A136: rel day | B136: weekday | C136: Date | D136: Actual | E136: Expected | F136: AR | G136: t-test | H136: Sig? | I136: CAR
...

Sheet Isrotel
A1: Isrotel — Event Study (market model, single-variable regression)
A3: Parameters
A4: Estimation window (max days) | B4: 252
A5: Event window (days each side) | B5: 10
A6: Significance |t| > | B6: 1.96
A8: Events
A9: # | B9: Event date | C9: TASE t=0 | D9: Sign | E9: Description
A10: 1 | B10: 45206 | C10: =IF(WEEKDAY(B10)=6,B10+2,IF(WEEKDAY(B10)=7,B10+1,B10)) -> 45207 | D10: - | E10: Hamas attack; Israel declares war
A11: 2 | B11: 45252 | C11: =IF(WEEKDAY(B11)=6,B11+2,IF(WEEKDAY(B11)=7,B11+1,B11)) -> 45252 | D11: + | E11: First hostage truce (105 freed)
A12: 3 | B12: 45396 | C12: =IF(WEEKDAY(B12)=6,B12+2,IF(WEEKDAY(B12)=7,B12+1,B12)) -> 45396 | D12: - | E12: Iran first direct attack
A13: 4 | B13: 45504 | C13: =IF(WEEKDAY(B13)=6,B13+2,IF(WEEKDAY(B13)=7,B13+1,B13)) -> 45504 | D13: - | E13: Haniyeh assassinated in Tehran
A14: 5 | B14: 45566 | C14: 45571 | D14: - | E14: Iran second attack (~180 missiles)
A15: 6 | B15: 45623 | C15: =IF(WEEKDAY(B15)=6,B15+2,IF(WEEKDAY(B15)=7,B15+1,B15)) -> 45623 | D15: + | E15: Israel-Lebanon ceasefire
A16: 7 | B16: 45672 | C16: =IF(WEEKDAY(B16)=6,B16+2,IF(WEEKDAY(B16)=7,B16+1,B16)) -> 45672 | D16: + | E16: Gaza ceasefire (33 hostages)
A17: 8 | B17: 45789 | C17: 45789 | D17: + | E17: Edan Alexander released
A18: 9 | B18: 45821 | C18: =IF(WEEKDAY(B18)=6,B18+2,IF(WEEKDAY(B18)=7,B18+1,B18)) -> 45823 | D18: - | E18: 12-Day War begins
A19: 10 | B19: 45939 | C19: =IF(WEEKDAY(B19)=6,B19+2,IF(WEEKDAY(B19)=7,B19+1,B19)) -> 45939 | D19: + | E19: Sharm el-Sheikh deal
A20: 11 | B20: 46081 | C20: =IF(WEEKDAY(B20)=7, B20+2, IF(WEEKDAY(B20)=1, B20+1, B20)) -> 46083 | D20: - | E20: 2026 Israel-Iran war begins
A21: 12 | B21: 46120 | C21: 46121 | D21: + | E21: Pakistan-brokered ceasefire
A23: Model info & statistics — market-model regression (stock daily return on TA-125 daily return; 252-day estimation window). Intercept = α (INTERCEPT), b1 = β (SLOPE), R² (RSQ), sey = standard error of the estimate (STEYX).
A24: # | B24: Event t=0 (adj) | C24: Event point | D24: Window | E24: a (intercept) | F24: b1 (TA125) | G24: (unused) | H24: R2 | I24: sey
A25: =A10 -> 1 | B25: =IF(WEEKDAY(C10)=6,C10+2,IF(WEEKDAY(C10)=7,C10+1,C10)) -> 45207 | C25: =IFERROR(MATCH(B25,Data!$A$2:$A$718,0),MATCH(B25,Data!$A$2:$A$718,-1)) -> 630 | D25: =MIN($B$4,COUNTA(Data!$A:$A)-1-(C25+11)+1) -> 252 | E25: =INTERCEPT(OFFSET(Data!$H$1,C25+11,0,D25,1),OFFSET(Data!$F$1,C25+11,0,D25,1)) -> -0.0012110107 | F25: =SLOPE(OFFSET(Data!$H$1,C25+11,0,D25,1),OFFSET(Data!$F$1,C25+11,0,D25,1)) -> 0.20242167 | H25: =RSQ(OFFSET(Data!$H$1,C25+11,0,D25,1),OFFSET(Data!$F$1,C25+11,0,D25,1)) -> 0.01394492 | I25: =STEYX(OFFSET(Data!$H$1,C25+11,0,D25,1),OFFSET(Data!$F$1,C25+11,0,D25,1)) -> 0.017755405
A26: =A11 -> 2 | B26: =IF(WEEKDAY(C11)=6,C11+2,IF(WEEKDAY(C11)=7,C11+1,C11)) -> 45252 | C26: =IFERROR(MATCH(B26,Data!$A$2:$A$718,0),MATCH(B26,Data!$A$2:$A$718,-1)) -> 597 | D26: =MIN($B$4,COUNTA(Data!$A:$A)-1-(C26+11)+1) -> 252 | E26: =INTERCEPT(OFFSET(Data!$H$1,C26+11,0,D26,1),OFFSET(Data!$F$1,C26+11,0,D26,1)) -> -0.00098359429 | F26: =SLOPE(OFFSET(Data!$H$1,C26+11,0,D26,1),OFFSET(Data!$F$1,C26+11,0,D26,1)) -> 0.32767133 | H26: =RSQ(OFFSET(Data!$H$1,C26+11,0,D26,1),OFFSET(Data!$F$1,C26+11,0,D26,1)) -> 0.042126226 | I26: =STEYX(OFFSET(Data!$H$1,C26+11,0,D26,1),OFFSET(Data!$F$1,C26+11,0,D26,1)) -> 0.018130911
A27: =A12 -> 3 | B27: =IF(WEEKDAY(C12)=6,C12+2,IF(WEEKDAY(C12)=7,C12+1,C12)) -> 45396 | C27: =IFERROR(MATCH(B27,Data!$A$2:$A$718,0),MATCH(B27,Data!$A$2:$A$718,-1)) -> 497 | D27: =MIN($B$4,COUNTA(Data!$A:$A)-1-(C27+11)+1) -> 252 | E27: =INTERCEPT(OFFSET(Data!$H$1,C27+11,0,D27,1),OFFSET(Data!$F$1,C27+11,0,D27,1)) -> 0.00067932195 | F27: =SLOPE(OFFSET(Data!$H$1,C27+11,0,D27,1),OFFSET(Data!$F$1,C27+11,0,D27,1)) -> 0.43617163 | H27: =RSQ(OFFSET(Data!$H$1,C27+11,0,D27,1),OFFSET(Data!$F$1,C27+11,0,D27,1)) -> 0.059081344 | I27: =STEYX(OFFSET(Data!$H$1,C27+11,0,D27,1),OFFSET(Data!$F$1,C27+11,0,D27,1)) -> 0.018851355
A28: =A13 -> 4 | B28: =IF(WEEKDAY(C13)=6,C13+2,IF(WEEKDAY(C13)=7,C13+1,C13)) -> 45504 | C28: =IFERROR(MATCH(B28,Data!$A$2:$A$718,0),MATCH(B28,Data!$A$2:$A$718,-1)) -> 427 | D28: =MIN($B$4,COUNTA(Data!$A:$A)-1-(C28+11)+1) -> 252 | E28: =INTERCEPT(OFFSET(Data!$H$1,C28+11,0,D28,1),OFFSET(Data!$F$1,C28+11,0,D28,1)) -> 5.7920211e-05 | F28: =SLOPE(OFFSET(Data!$H$1,C28+11,0,D28,1),OFFSET(Data!$F$1,C28+11,0,D28,1)) -> 0.52546814 | H28: =RSQ(OFFSET(Data!$H$1,C28+11,0,D28,1),OFFSET(Data!$F$1,C28+11,0,D28,1)) -> 0.122617 | I28: =STEYX(OFFSET(Data!$H$1,C28+11,0,D28,1),OFFSET(Data!$F$1,C28+11,0,D28,1)) -> 0.015338251
A29: =A14 -> 5 | B29: =IF(WEEKDAY(C14)=6,C14+2,IF(WEEKDAY(C14)=7,C14+1,C14)) -> 45571 | C29: =IFERROR(MATCH(B29,Data!$A$2:$A$718,0),MATCH(B29,Data!$A$2:$A$718,-1)) -> 383 | D29: =MIN($B$4,COUNTA(Data!$A:$A)-1-(C29+11)+1) -> 252 | E29: =INTERCEPT(OFFSET(Data!$H$1,C29+11,0,D29,1),OFFSET(Data!$F$1,C29+11,0,D29,1)) -> -7.0571051e-05 | F29: =SLOPE(OFFSET(Data!$H$1,C29+11,0,D29,1),OFFSET(Data!$F$1,C29+11,0,D29,1)) -> 0.67927325 | H29: =RSQ(OFFSET(Data!$H$1,C29+11,0,D29,1),OFFSET(Data!$F$1,C29+11,0,D29,1)) -> 0.17818153 | I29: =STEYX(OFFSET(Data!$H$1,C29+11,0,D29,1),OFFSET(Data!$F$1,C29+11,0,D29,1)) -> 0.016012595
A30: =A15 -> 6 | B30: =IF(WEEKDAY(C15)=6,C15+2,IF(WEEKDAY(C15)=7,C15+1,C15)) -> 45623 | C30: =IFERROR(MATCH(B30,Data!$A$2:$A$718,0),MATCH(B30,Data!$A$2:$A$718,-1)) -> 349 | D30: =MIN($B$4,COUNTA(Data!$A:$A)-1-(C30+11)+1) -> 252 | E30: =INTERCEPT(OFFSET(Data!$H$1,C30+11,0,D30,1),OFFSET(Data!$F$1,C30+11,0,D30,1)) -> -0.00015956978 | F30: =SLOPE(OFFSET(Data!$H$1,C30+11,0,D30,1),OFFSET(Data!$F$1,C30+11,0,D30,1)) -> 0.73853276 | H30: =RSQ(OFFSET(Data!$H$1,C30+11,0,D30,1),OFFSET(Data!$F$1,C30+11,0,D30,1)) -> 0.16363621 | I30: =STEYX(OFFSET(Data!$H$1,C30+11,0,D30,1),OFFSET(Data!$F$1,C30+11,0,D30,1)) -> 0.015991545
A31: =A16 -> 7 | B31: =IF(WEEKDAY(C16)=6,C16+2,IF(WEEKDAY(C16)=7,C16+1,C16)) -> 45672 | C31: =IFERROR(MATCH(B31,Data!$A$2:$A$718,0),MATCH(B31,Data!$A$2:$A$718,-1)) -> 314 | D31: =MIN($B$4,COUNTA(Data!$A:$A)-1-(C31+11)+1) -> 252 | E31: =INTERCEPT(OFFSET(Data!$H$1,C31+11,0,D31,1),OFFSET(Data!$F$1,C31+11,0,D31,1)) -> 0.00018442855 | F31: =SLOPE(OFFSET(Data!$H$1,C31+11,0,D31,1),OFFSET(Data!$F$1,C31+11,0,D31,1)) -> 0.73870749 | H31: =RSQ(OFFSET(Data!$H$1,C31+11,0,D31,1),OFFSET(Data!$F$1,C31+11,0,D31,1)) -> 0.14475234 | I31: =STEYX(OFFSET(Data!$H$1,C31+11,0,D31,1),OFFSET(Data!$F$1,C31+11,0,D31,1)) -> 0.01617478
A32: =A17 -> 8 | B32: =IF(WEEKDAY(C17)=6,C17+2,IF(WEEKDAY(C17)=7,C17+1,C17)) -> 45789 | C32: =IFERROR(MATCH(B32,Data!$A$2:$A$718,0),MATCH(B32,Data!$A$2:$A$718,-1)) -> 234 | D32: =MIN($B$4,COUNTA(Data!$A:$A)-1-(C32+11)+1) -> 252 | E32: =INTERCEPT(OFFSET(Data!$H$1,C32+11,0,D32,1),OFFSET(Data!$F$1,C32+11,0,D32,1)) -> -0.001197695 | F32: =SLOPE(OFFSET(Data!$H$1,C32+11,0,D32,1),OFFSET(Data!$F$1,C32+11,0,D32,1)) -> 0.80039724 | H32: =RSQ(OFFSET(Data!$H$1,C32+11,0,D32,1),OFFSET(Data!$F$1,C32+11,0,D32,1)) -> 0.20671225 | I32: =STEYX(OFFSET(Data!$H$1,C32+11,0,D32,1),OFFSET(Data!$F$1,C32+11,0,D32,1)) -> 0.015805794
A33: =A18 -> 9 | B33: =IF(WEEKDAY(C18)=6,C18+2,IF(WEEKDAY(C18)=7,C18+1,C18)) -> 45823 | C33: =IFERROR(MATCH(B33,Data!$A$2:$A$718,0),MATCH(B33,Data!$A$2:$A$718,-1)) -> 212 | D33: =MIN($B$4,COUNTA(Data!$A:$A)-1-(C33+11)+1) -> 252 | E33: =INTERCEPT(OFFSET(Data!$H$1,C33+11,0,D33,1),OFFSET(Data!$F$1,C33+11,0,D33,1)) -> -0.00087320992 | F33: =SLOPE(OFFSET(Data!$H$1,C33+11,0,D33,1),OFFSET(Data!$F$1,C33+11,0,D33,1)) -> 0.87301138 | H33: =RSQ(OFFSET(Data!$H$1,C33+11,0,D33,1),OFFSET(Data!$F$1,C33+11,0,D33,1)) -> 0.22455777 | I33: =STEYX(OFFSET(Data!$H$1,C33+11,0,D33,1),OFFSET(Data!$F$1,C33+11,0,D33,1)) -> 0.016170578
A34: =A19 -> 10 | B34: =IF(WEEKDAY(C19)=6,C19+2,IF(WEEKDAY(C19)=7,C19+1,C19)) -> 45939 | C34: =IFERROR(MATCH(B34,Data!$A$2:$A$718,0),MATCH(B34,Data!$A$2:$A$718,-1)) -> 136 | D34: =MIN($B$4,COUNTA(Data!$A:$A)-1-(C34+11)+1) -> 252 | E34: =INTERCEPT(OFFSET(Data!$H$1,C34+11,0,D34,1),OFFSET(Data!$F$1,C34+11,0,D34,1)) -> 0.00058771904 | F34: =SLOPE(OFFSET(Data!$H$1,C34+11,0,D34,1),OFFSET(Data!$F$1,C34+11,0,D34,1)) -> 0.9953579 | H34: =RSQ(OFFSET(Data!$H$1,C34+11,0,D34,1),OFFSET(Data!$F$1,C34+11,0,D34,1)) -> 0.19613103 | I34: =STEYX(OFFSET(Data!$H$1,C34+11,0,D34,1),OFFSET(Data!$F$1,C34+11,0,D34,1)) -> 0.020178646
A35: =A20 -> 11 | B35: =IF(WEEKDAY(C20)=6,C20+2,IF(WEEKDAY(C20)=7,C20+1,C20)) -> 46083 | C35: =IFERROR(MATCH(B35,Data!$A$2:$A$718,0),MATCH(B35,Data!$A$2:$A$718,-1)) -> 37 | D35: =MIN($B$4,COUNTA(Data!$A:$A)-1-(C35+11)+1) -> 252 | E35: =INTERCEPT(OFFSET(Data!$H$1,C35+11,0,D35,1),OFFSET(Data!$F$1,C35+11,0,D35,1)) -> 0.0011984016 | F35: =SLOPE(OFFSET(Data!$H$1,C35+11,0,D35,1),OFFSET(Data!$F$1,C35+11,0,D35,1)) -> 0.82484742 | H35: =RSQ(OFFSET(Data!$H$1,C35+11,0,D35,1),OFFSET(Data!$F$1,C35+11,0,D35,1)) -> 0.13151679 | I35: =STEYX(OFFSET(Data!$H$1,C35+11,0,D35,1),OFFSET(Data!$F$1,C35+11,0,D35,1)) -> 0.023125207
A36: =A21 -> 12 | B36: =IF(WEEKDAY(C21)=6,C21+2,IF(WEEKDAY(C21)=7,C21+1,C21)) -> 46121 | C36: =IFERROR(MATCH(B36,Data!$A$2:$A$718,0),MATCH(B36,Data!$A$2:$A$718,-1)) -> 14 | D36: =MIN($B$4,COUNTA(Data!$A:$A)-1-(C36+11)+1) -> 252 | E36: =INTERCEPT(OFFSET(Data!$H$1,C36+11,0,D36,1),OFFSET(Data!$F$1,C36+11,0,D36,1)) -> 0.00092044387 | F36: =SLOPE(OFFSET(Data!$H$1,C36+11,0,D36,1),OFFSET(Data!$F$1,C36+11,0,D36,1)) -> 0.86729297 | H36: =RSQ(OFFSET(Data!$H$1,C36+11,0,D36,1),OFFSET(Data!$F$1,C36+11,0,D36,1)) -> 0.1489833 | I36: =STEYX(OFFSET(Data!$H$1,C36+11,0,D36,1),OFFSET(Data!$F$1,C36+11,0,D36,1)) -> 0.023560232
A38: Event windows [-10, +10] AR = Actual - Expected; t = AR / sey; CAR = (1+CARprev)(1+AR)-1
A39: Event 1 | B39: =E10 -> Hamas attack; Israel declares war
A40: rel day | B40: weekday | C40: Date | D40: Actual | E40: Expected | F40: AR | G40: t-test | H40: Sig? | I40: CAR | L40: SIG?
A41: 10 | B41: =TEXT(WEEKDAY(C41),"ddd") -> Sun | C41: =OFFSET(Data!$A$1,$C$25-A41,0,1,1) -> 45221 | D41: =_xlfn.XLOOKUP(C41,Data!$A:$A,Data!$H:$H) -> 0.013783702 | E41: =$E$25+$F$25*_xlfn.XLOOKUP(C41,Data!$A:$A,Data!$F:$F) -> -0.0063162717 | F41: =D41-E41 -> 0.020099974 | G41: =F41/$I$25 -> 1.1320481 | H41: =IF(ABS(G41)<$B$6,"No","Yes") -> No | I41: =(1+I42)*(1+F41)-1 -> 0.0074946265
A42: 9 | B42: =TEXT(WEEKDAY(C42),"ddd") -> Thu | C42: =OFFSET(Data!$A$1,$C$25-A42,0,1,1) -> 45218 | D42: =_xlfn.XLOOKUP(C42,Data!$A:$A,Data!$H:$H) -> 0.021823247 | E42: =$E$25+$F$25*_xlfn.XLOOKUP(C42,Data!$A:$A,Data!$F:$F) -> -0.0048320547 | F42: =D42-E42 -> 0.026655302 | G42: =F42/$I$25 -> 1.50125 | H42: =IF(ABS(G42)<$B$6,"No","Yes") -> No | I42: =(1+I43)*(1+F42)-1 -> -0.012356972
A43: 8 | B43: =TEXT(WEEKDAY(C43),"ddd") -> Wed | C43: =OFFSET(Data!$A$1,$C$25-A43,0,1,1) -> 45217 | D43: =_xlfn.XLOOKUP(C43,Data!$A:$A,Data!$H:$H) -> 0.0046649044 | E43: =$E$25+$F$25*_xlfn.XLOOKUP(C43,Data!$A:$A,Data!$F:$F) -> -0.00010032445 | F43: =D43-E43 -> 0.0047652288 | G43: =F43/$I$25 -> 0.26838187 | H43: =IF(ABS(G43)<$B$6,"No","Yes") -> No | I43: =(1+I44)*(1+F43)-1 -> -0.037999389
A44: 7 | B44: =TEXT(WEEKDAY(C44),"ddd") -> Tue | C44: =OFFSET(Data!$A$1,$C$25-A44,0,1,1) -> 45216 | D44: =_xlfn.XLOOKUP(C44,Data!$A:$A,Data!$H:$H) -> 0.017241379 | E44: =$E$25+$F$25*_xlfn.XLOOKUP(C44,Data!$A:$A,Data!$F:$F) -> -0.0020085008 | F44: =D44-E44 -> 0.01924988 | G44: =F44/$I$25 -> 1.0841701 | H44: =IF(ABS(G44)<$B$6,"No","Yes") -> No | I44: =(1+I45)*(1+F44)-1 -> -0.042561801
A45: 6 | B45: =TEXT(WEEKDAY(C45),"ddd") -> Mon | C45: =OFFSET(Data!$A$1,$C$25-A45,0,1,1) -> 45215 | D45: =_xlfn.XLOOKUP(C45,Data!$A:$A,Data!$H:$H) -> -0.002209596 | E45: =$E$25+$F$25*_xlfn.XLOOKUP(C45,Data!$A:$A,Data!$F:$F) -> 0.0035657305 | F45: =D45-E45 -> -0.0057753265 | G45: =F45/$I$25 -> -0.32527145 | H45: =IF(ABS(G45)<$B$6,"No","Yes") -> No | I45: =(1+I46)*(1+F45)-1 -> -0.060644286
A46: 5 | B46: =TEXT(WEEKDAY(C46),"ddd") -> Sun | C46: =OFFSET(Data!$A$1,$C$25-A46,0,1,1) -> 45214 | D46: =_xlfn.XLOOKUP(C46,Data!$A:$A,Data!$H:$H) -> -0.020559592 | E46: =$E$25+$F$25*_xlfn.XLOOKUP(C46,Data!$A:$A,Data!$F:$F) -> -0.00902745 | F46: =D46-E46 -> -0.011532142 | G46: =F46/$I$25 -> -0.64950035 | H46: =IF(ABS(G46)<$B$6,"No","Yes") -> No | I46: =(1+I47)*(1+F46)-1 -> -0.055187686
A47: 4 | B47: =TEXT(WEEKDAY(C47),"ddd") -> Thu | C47: =OFFSET(Data!$A$1,$C$25-A47,0,1,1) -> 45211 | D47: =_xlfn.XLOOKUP(C47,Data!$A:$A,Data!$H:$H) -> -0.011007491 | E47: =$E$25+$F$25*_xlfn.XLOOKUP(C47,Data!$A:$A,Data!$F:$F) -> -0.002122089 | F47: =D47-E47 -> -0.0088854022 | G47: =F47/$I$25 -> -0.50043364 | H47: =IF(ABS(G47)<$B$6,"No","Yes") -> No | I47: =(1+I48)*(1+F47)-1 -> -0.04416486
A48: 3 | B48: =TEXT(WEEKDAY(C48),"ddd") -> Wed | C48: =OFFSET(Data!$A$1,$C$25-A48,0,1,1) -> 45210 | D48: =_xlfn.XLOOKUP(C48,Data!$A:$A,Data!$H:$H) -> -0.041190267 | E48: =$E$25+$F$25*_xlfn.XLOOKUP(C48,Data!$A:$A,Data!$F:$F) -> -0.0041253856 | F48: =D48-E48 -> -0.037064881 | G48: =F48/$I$25 -> -2.0875266 | H48: =IF(ABS(G48)<$B$6,"No","Yes") -> Yes | I48: =(1+I49)*(1+F48)-1 -> -0.03559574
A49: 2 | B49: =TEXT(WEEKDAY(C49),"ddd") -> Tue | C49: =OFFSET(Data!$A$1,$C$25-A49,0,1,1) -> 45209 | D49: =_xlfn.XLOOKUP(C49,Data!$A:$A,Data!$H:$H) -> 0.052940269 | E49: =$E$25+$F$25*_xlfn.XLOOKUP(C49,Data!$A:$A,Data!$F:$F) -> 0.0016765726 | F49: =D49-E49 -> 0.051263696 | G49: =F49/$I$25 -> 2.8872163 | H49: =IF(ABS(G49)<$B$6,"No","Yes") -> Yes | I49: =(1+I50)*(1+F49)-1 -> 0.0015256906
A50: 1 | B50: =TEXT(WEEKDAY(C50),"ddd") -> Mon | C50: =OFFSET(Data!$A$1,$C$25-A50,0,1,1) -> 45208 | D50: =_xlfn.XLOOKUP(C50,Data!$A:$A,Data!$H:$H) -> 0.0024756305 | E50: =$E$25+$F$25*_xlfn.XLOOKUP(C50,Data!$A:$A,Data!$F:$F) -> 0.0002313991 | F50: =D50-E50 -> 0.0022442314 | G50: =F50/$I$25 -> 0.12639708 | H50: =IF(ABS(G50)<$B$6,"No","Yes") -> No | I50: =(1+I51)*(1+F50)-1 -> -0.047312587
A51: 0 | B51: =TEXT(WEEKDAY(C51),"ddd") -> Sun | C51: =OFFSET(Data!$A$1,$C$25-A51,0,1,1) -> 45207 | D51: =_xlfn.XLOOKUP(C51,Data!$A:$A,Data!$H:$H) -> -0.066040462 | E51: =$E$25+$F$25*_xlfn.XLOOKUP(C51,Data!$A:$A,Data!$F:$F) -> -0.014760016 | F51: =D51-E51 -> -0.051280447 | G51: =F51/$I$25 -> -2.8881597 | H51: =IF(ABS(G51)<$B$6,"No","Yes") -> Yes | I51: =(1+I52)*(1+F51)-1 -> -0.049445851
A52: -1 | B52: =TEXT(WEEKDAY(C52),"ddd") -> Thu | C52: =OFFSET(Data!$A$1,$C$25-A52,0,1,1) -> 45204 | D52: =_xlfn.XLOOKUP(C52,Data!$A:$A,Data!$H:$H) -> 0.005375563 | E52: =$E$25+$F$25*_xlfn.XLOOKUP(C52,Data!$A:$A,Data!$F:$F) -> -0.0018427643 | F52: =D52-E52 -> 0.0072183273 | G52: =F52/$I$25 -> 0.40654252 | H52: =IF(ABS(G52)<$B$6,"No","Yes") -> No | I52: =(1+I53)*(1+F52)-1 -> 0.0019337603
... A60: -9 | B60: =TEXT(WEEKDAY(C60),"ddd") -> Thu | C60: =OFFSET(Data!$A$1,$C$25-A60,0,1,1) -> 45190 | D60: =_xlfn.XLOOKUP(C60,Data!$A:$A,Data!$H:$H) -> -0.0002824061 | E60: =$E$25+$F$25*_xlfn.XLOOKUP(C60,Data!$A:$A,Data!$F:$F) -> -0.0012421874 | F60: =D60-E60 -> 0.00095978128 | G60: =F60/$I$25 -> 0.054055723 | H60: =IF(ABS(G60)<$B$6,"No","Yes") -> No | I60: =(1+I61)*(1+F60)-1 -> 0.012614899
A61: -10 | B61: =TEXT(WEEKDAY(C61),"ddd") -> Wed | C61: =OFFSET(Data!$A$1,$C$25-A61,0,1,1) -> 45189 | D61: =_xlfn.XLOOKUP(C61,Data!$A:$A,Data!$H:$H) -> 0.012727013 | E61: =$E$25+$F$25*_xlfn.XLOOKUP(C61,Data!$A:$A,Data!$F:$F) -> 0.0010830705 | F61: =D61-E61 -> 0.011643942 | G61: =F61/$I$25 -> 0.65579704 | H61: =IF(ABS(G61)<$B$6,"No","Yes") -> No | I61: =F61 -> 0.011643942
A63: Event 2 | B63: =E11 -> First hostage truce (105 freed)
A64: rel day | B64: weekday | C64: Date | D64: Actual | E64: Expected | F64: AR | G64: t-test | H64: Sig? | I64: CAR
A65: 10 | B65: =TEXT(WEEKDAY(C65),"ddd") -> Wed | C65: =OFFSET(Data!$A$1,$C$26-A65,0,1,1) -> 45266 | D65: =_xlfn.XLOOKUP(C65,Data!$A:$A,Data!$H:$H) -> 0.010834075 | E65: =$E$26+$F$26*_xlfn.XLOOKUP(C65,Data!$A:$A,Data!$F:$F) -> -0.00056884309 | F65: =D65-E65 -> 0.011402918 | G65: =F65/$I$26 -> 0.62892142 | H65: =IF(ABS(G65)<$B$6,"No","Yes") -> No | I65: =(1+I66)*(1+F65)-1 -> -0.0057178438
A66: 9 | B66: =TEXT(WEEKDAY(C66),"ddd") -> Tue | C66: =OFFSET(Data!$A$1,$C$26-A66,0,1,1) -> 45265 | D66: =_xlfn.XLOOKUP(C66,Data!$A:$A,Data!$H:$H) -> 0.010194903 | E66: =$E$26+$F$26*_xlfn.XLOOKUP(C66,Data!$A:$A,Data!$F:$F) -> 0.0029935089 | F66: =D66-E66 -> 0.0072013936 | G66: =F66/$I$26 -> 0.39718873 | H66: =IF(ABS(G66)<$B$6,"No","Yes") -> No | I66: =(1+I67)*(1+F66)-1 -> -0.016927737
A67: 8 | B67: =TEXT(WEEKDAY(C67),"ddd") -> Mon | C67: =OFFSET(Data!$A$1,$C$26-A67,0,1,1) -> 45264 | D67: =_xlfn.XLOOKUP(C67,Data!$A:$A,Data!$H:$H) -> 0.02018966 | E67: =$E$26+$F$26*_xlfn.XLOOKUP(C67,Data!$A:$A,Data!$F:$F) -> -0.00052154179 | F67: =D67-E67 -> 0.020711202 | G67: =F67/$I$26 -> 1.1423145 | H67: =IF(ABS(G67)<$B$6,"No","Yes") -> No | I67: =(1+I68)*(1+F67)-1 -> -0.023956609
A68: 7 | B68: =TEXT(WEEKDAY(C68),"ddd") -> Sun | C68: =OFFSET(Data!$A$1,$C$26-A68,0,1,1) -> 45263 | D68: =_xlfn.XLOOKUP(C68,Data!$A:$A,Data!$H:$H) -> 0.0058461538 | E68: =$E$26+$F$26*_xlfn.XLOOKUP(C68,Data!$A:$A,Data!$F:$F) -> 0.0018916456 | F68: =D68-E68 -> 0.0039545083 | G68: =F68/$I$26 -> 0.21810863 | H68: =IF(ABS(G68)<$B$6,"No","Yes") -> No | I68: =(1+I69)*(1+F68)-1 -> -0.043761459
A69: 6 | B69: =TEXT(WEEKDAY(C69),"ddd") -> Thu | C69: =OFFSET(Data!$A$1,$C$26-A69,0,1,1) -> 45260 | D69: =_xlfn.XLOOKUP(C69,Data!$A:$A,Data!$H:$H) -> -0.027237354 | E69: =$E$26+$F$26*_xlfn.XLOOKUP(C69,Data!$A:$A,Data!$F:$F) -> -0.0067989915 | F69: =D69-E69 -> -0.020438363 | G69: =F69/$I$26 -> -1.1272662 | H69: =IF(ABS(G69)<$B$6,"No","Yes") -> No | I69: =(1+I70)*(1+F69)-1 -> -0.047528017
A70: 5 | B70: =TEXT(WEEKDAY(C70),"ddd") -> Wed | C70: =OFFSET(Data!$A$1,$C$26-A70,0,1,1) -> 45259 | D70: =_xlfn.XLOOKUP(C70,Data!$A:$A,Data!$H:$H) -> 0.04113431 | E70: =$E$26+$F$26*_xlfn.XLOOKUP(C70,Data!$A:$A,Data!$F:$F) -> 0.001967502 | F70: =D70-E70 -> 0.039166808 | G70: =F70/$I$26 -> 2.1602228 | H70: =IF(ABS(G70)<$B$6,"No","Yes") -> Yes | I70: =(1+I71)*(1+F70)-1 -> -0.027654875
A71: 4 | B71: =TEXT(WEEKDAY(C71),"ddd") -> Tue | C71: =OFFSET(Data!$A$1,$C$26-A71,0,1,1) -> 45258 | D71: =_xlfn.XLOOKUP(C71,Data!$A:$A,Data!$H:$H) -> -0.037492501 | E71: =$E$26+$F$26*_xlfn.XLOOKUP(C71,Data!$A:$A,Data!$F:$F) -> 0.00056719378 | F71: =D71-E71 -> -0.038059695 | G71: =F71/$I$26 -> -2.0991606 | H71: =IF(ABS(G71)<$B$6,"No","Yes") -> Yes | I71: =(1+I72)*(1+F71)-1 -> -0.064303134
A72: 3 | B72: =TEXT(WEEKDAY(C72),"ddd") -> Mon | C72: =OFFSET(Data!$A$1,$C$26-A72,0,1,1) -> 45257 | D72: =_xlfn.XLOOKUP(C72,Data!$A:$A,Data!$H:$H) -> -0.01724392 | E72: =$E$26+$F$26*_xlfn.XLOOKUP(C72,Data!$A:$A,Data!$F:$F) -> -0.0040828785 | F72: =D72-E72 -> -0.013161042 | G72: =F72/$I$26 -> -0.72588971 | H72: =IF(ABS(G72)<$B$6,"No","Yes") -> No | I72: =(1+I73)*(1+F72)-1 -> -0.027281775
A73: 2 | B73: =TEXT(WEEKDAY(C73),"ddd") -> Sun | C73: =OFFSET(Data!$A$1,$C$26-A73,0,1,1) -> 45256 | D73: =_xlfn.XLOOKUP(C73,Data!$A:$A,Data!$H:$H) -> 0.0099732063 | E73: =$E$26+$F$26*_xlfn.XLOOKUP(C73,Data!$A:$A,Data!$F:$F) -> 9.2689147e-05 | F73: =D73-E73 -> 0.0098805172 | G73: =F73/$I$26 -> 0.54495425 | H73: =IF(ABS(G73)<$B$6,"No","Yes") -> No | I73: =(1+I74)*(1+F73)-1 -> -0.014309055
A74: 1 | B74: =TEXT(WEEKDAY(C74),"ddd") -> Thu | C74: =OFFSET(Data!$A$1,$C$26-A74,0,1,1) -> 45253 | D74: =_xlfn.XLOOKUP(C74,Data!$A:$A,Data!$H:$H) -> 0.014190821 | E74: =$E$26+$F$26*_xlfn.XLOOKUP(C74,Data!$A:$A,Data!$F:$F) -> -0.00029840797 | F74: =D74-E74 -> 0.014489229 | G74: =F74/$I$26 -> 0.79914512 | H74: =IF(ABS(G74)<$B$6,"No","Yes") -> No | I74: =(1+I75)*(1+F74)-1 -> -0.023952905
A75: 0 | B75: =TEXT(WEEKDAY(C75),"ddd") -> Wed | C75: =OFFSET(Data!$A$1,$C$26-A75,0,1,1) -> 45252 | D75: =_xlfn.XLOOKUP(C75,Data!$A:$A,Data!$H:$H) -> 0.011143337 | E75: =$E$26+$F$26*_xlfn.XLOOKUP(C75,Data!$A:$A,Data!$F:$F) -> 0.0065031755 | F75: =D75-E75 -> 0.0046401614 | G75: =F75/$I$26 -> 0.25592544 | H75: =IF(ABS(G75)<$B$6,"No","Yes") -> No | I75: =(1+I76)*(1+F75)-1 -> -0.037893093
A76: -1 | B76: =TEXT(WEEKDAY(C76),"ddd") -> Tue | C76: =OFFSET(Data!$A$1,$C$26-A76,0,1,1) -> 45251 | D76: =_xlfn.XLOOKUP(C76,Data!$A:$A,Data!$H:$H) -> 0.0086220169 | E76: =$E$26+$F$26*_xlfn.XLOOKUP(C76,Data!$A:$A,Data!$F:$F) -> 0.0011062177 | F76: =D76-E76 -> 0.0075157992 | G76: =F76/$I$26 -> 0.41452959 | H76: =IF(ABS(G76)<$B$6,"No","Yes") -> No | I76: =(1+I77)*(1+F76)-1 -> -0.042336805
... A84: -9 | B84: =TEXT(WEEKDAY(C84),"ddd") -> Thu | C84: =OFFSET(Data!$A$1,$C$26-A84,0,1,1) -> 45239 | D84: =_xlfn.XLOOKUP(C84,Data!$A:$A,Data!$H:$H) -> -0.0089933275 | E84: =$E$26+$F$26*_xlfn.XLOOKUP(C84,Data!$A:$A,Data!$F:$F) -> -0.0030398203 | F84: =D84-E84 -> -0.0059535073 | G84: =F84/$I$26 -> -0.32836228 | H84: =IF(ABS(G84)<$B$6,"No","Yes") -> No | I84: =(1+I85)*(1+F84)-1 -> -0.00071780729
A85: -10 | B85: =TEXT(WEEKDAY(C85),"ddd") -> Wed | C85: =OFFSET(Data!$A$1,$C$26-A85,0,1,1) -> 45238 | D85: =_xlfn.XLOOKUP(C85,Data!$A:$A,Data!$H:$H) -> 0.0020348837 | E85: =$E$26+$F$26*_xlfn.XLOOKUP(C85,Data!$A:$A,Data!$F:$F) -> -0.0032321737 | F85: =D85-E85 -> 0.0052670574 | G85: =F85/$I$26 -> 0.29050153 | H85: =IF(ABS(G85)<$B$6,"No","Yes") -> No | I85: =F85 -> 0.0052670574
A87: Event 3 | B87: =E12 -> Iran first direct attack
A88: rel day | B88: weekday | C88: Date | D88: Actual | E88: Expected | F88: AR | G88: t-test | H88: Sig? | I88: CAR
A89: 10 | B89: =TEXT(WEEKDAY(C89),"ddd") -> Thu | C89: =OFFSET(Data!$A$1,$C$27-A89,0,1,1) -> 45414 | D89: =_xlfn.XLOOKUP(C89,Data!$A:$A,Data!$H:$H) -> -0.029111398 | E89: =$E$27+$F$27*_xlfn.XLOOKUP(C89,Data!$A:$A,Data!$F:$F) -> 0.0021849773 | F89: =D89-E89 -> -0.031296375 | G89: =F89/$I$27 -> -1.6601658 | H89: =IF(ABS(G89)<$B$6,"No","Yes") -> No | I89: =(1+I90)*(1+F89)-1 -> -0.056053722
A90: 9 | B90: =TEXT(WEEKDAY(C90),"ddd") -> Wed | C90: =OFFSET(Data!$A$1,$C$27-A90,0,1,1) -> 45413 | D90: =_xlfn.XLOOKUP(C90,Data!$A:$A,Data!$H:$H) -> -0.016054516 | E90: =$E$27+$F$27*_xlfn.XLOOKUP(C90,Data!$A:$A,Data!$F:$F) -> -0.0027135889 | F90: =D90-E90 -> -0.013340927 | G90: =F90/$I$27 -> -0.70769063 | H90: =IF(ABS(G90)<$B$6,"No","Yes") -> No | I90: =(1+I91)*(1+F90)-1 -> -0.025557194
A91: 8 | B91: =TEXT(WEEKDAY(C91),"ddd") -> Tue | C91: =OFFSET(Data!$A$1,$C$27-A91,0,1,1) -> 45412 | D91: =_xlfn.XLOOKUP(C91,Data!$A:$A,Data!$H:$H) -> 0.00011551346 | E91: =$E$27+$F$27*_xlfn.XLOOKUP(C91,Data!$A:$A,Data!$F:$F) -> 0.0056872052 | F91: =D91-E91 -> -0.0055716917 | G91: =F91/$I$27 -> -0.29555922 | H91: =IF(ABS(G91)<$B$6,"No","Yes") -> No | I91: =(1+I92)*(1+F91)-1 -> -0.012381447
A92: 7 | B92: =TEXT(WEEKDAY(C92),"ddd") -> Thu | C92: =OFFSET(Data!$A$1,$C$27-A92,0,1,1) -> 45407 | D92: =_xlfn.XLOOKUP(C92,Data!$A:$A,Data!$H:$H) -> 0.024497041 | E92: =$E$27+$F$27*_xlfn.XLOOKUP(C92,Data!$A:$A,Data!$F:$F) -> -0.0024037522 | F92: =D92-E92 -> 0.026900794 | G92: =F92/$I$27 -> 1.4269952 | H92: =IF(ABS(G92)<$B$6,"No","Yes") -> No | I92: =(1+I93)*(1+F92)-1 -> -0.00684791
A93: 6 | B93: =TEXT(WEEKDAY(C93),"ddd") -> Wed | C93: =OFFSET(Data!$A$1,$C$27-A93,0,1,1) -> 45406 | D93: =_xlfn.XLOOKUP(C93,Data!$A:$A,Data!$H:$H) -> -0.0051801271 | E93: =$E$27+$F$27*_xlfn.XLOOKUP(C93,Data!$A:$A,Data!$F:$F) -> 0.0017645367 | F93: =D93-E93 -> -0.0069446638 | G93: =F93/$I$27 -> -0.3683907 | H93: =IF(ABS(G93)<$B$6,"No","Yes") -> No | I93: =(1+I94)*(1+F93)-1 -> -0.032864619
A94: 5 | B94: =TEXT(WEEKDAY(C94),"ddd") -> Sun | C94: =OFFSET(Data!$A$1,$C$27-A94,0,1,1) -> 45403 | D94: =_xlfn.XLOOKUP(C94,Data!$A:$A,Data!$H:$H) -> -0.0044538209 | E94: =$E$27+$F$27*_xlfn.XLOOKUP(C94,Data!$A:$A,Data!$F:$F) -> 0.0059522269 | F94: =D94-E94 -> -0.010406048 | G94: =F94/$I$27 -> -0.55200531 | H94: =IF(ABS(G94)<$B$6,"No","Yes") -> No | I94: =(1+I95)*(1+F94)-1 -> -0.02610122
A95: 4 | B95: =TEXT(WEEKDAY(C95),"ddd") -> Thu | C95: =OFFSET(Data!$A$1,$C$27-A95,0,1,1) -> 45400 | D95: =_xlfn.XLOOKUP(C95,Data!$A:$A,Data!$H:$H) -> -0.0077916037 | E95: =$E$27+$F$27*_xlfn.XLOOKUP(C95,Data!$A:$A,Data!$F:$F) -> 0.0055412311 | F95: =D95-E95 -> -0.013332835 | G95: =F95/$I$27 -> -0.70726136 | H95: =IF(ABS(G95)<$B$6,"No","Yes") -> No | I95: =(1+I96)*(1+F95)-1 -> -0.015860214
A96: 3 | B96: =TEXT(WEEKDAY(C96),"ddd") -> Wed | C96: =OFFSET(Data!$A$1,$C$27-A96,0,1,1) -> 45399 | D96: =_xlfn.XLOOKUP(C96,Data!$A:$A,Data!$H:$H) -> 0 | E96: =$E$27+$F$27*_xlfn.XLOOKUP(C96,Data!$A:$A,Data!$F:$F) -> -0.003749481 | F96: =D96-E96 -> 0.003749481 | G96: =F96/$I$27 -> 0.19889717 | H96: =IF(ABS(G96)<$B$6,"No","Yes") -> No | I96: =(1+I97)*(1+F96)-1 -> -0.0025615316
A97: 2 | B97: =TEXT(WEEKDAY(C97),"ddd") -> Tue | C97: =OFFSET(Data!$A$1,$C$27-A97,0,1,1) -> 45398 | D97: =_xlfn.XLOOKUP(C97,Data!$A:$A,Data!$H:$H) -> -0.013536767 | E97: =$E$27+$F$27*_xlfn.XLOOKUP(C97,Data!$A:$A,Data!$F:$F) -> -0.00075833207 | F97: =D97-E97 -> -0.012778435 | G97: =F97/$I$27 -> -0.67785235 | H97: =IF(ABS(G97)<$B$6,"No","Yes") -> No | I97: =(1+I98)*(1+F97)-1 -> -0.006287438
A98: 1 | B98: =TEXT(WEEKDAY(C98),"ddd") -> Mon | C98: =OFFSET(Data!$A$1,$C$27-A98,0,1,1) -> 45397 | D98: =_xlfn.XLOOKUP(C98,Data!$A:$A,Data!$H:$H) -> -0.0057032052 | E98: =$E$27+$F$27*_xlfn.XLOOKUP(C98,Data!$A:$A,Data!$F:$F) -> -0.0038559689 | F98: =D98-E98 -> -0.0018472363 | G98: =F98/$I$27 -> -0.09798958 | H98: =IF(ABS(G98)<$B$6,"No","Yes") -> No | I98: =(1+I99)*(1+F98)-1 -> 0.0065750156
A99: 0 | B99: =TEXT(WEEKDAY(C99),"ddd") -> Sun | C99: =OFFSET(Data!$A$1,$C$27-A99,0,1,1) -> 45396 | D99: =_xlfn.XLOOKUP(C99,Data!$A:$A,Data!$H:$H) -> -0.00375 | E99: =$E$27+$F$27*_xlfn.XLOOKUP(C99,Data!$A:$A,Data!$F:$F) -> 0.0020372215 | F99: =D99-E99 -> -0.0057872215 | G99: =F99/$I$27 -> -0.30699234 | H99: =IF(ABS(G99)<$B$6,"No","Yes") -> No | I99: =(1+I100)*(1+F99)-1 -> 0.0084378386
A100: -1 | B100: =TEXT(WEEKDAY(C100),"ddd") -> Thu | C100: =OFFSET(Data!$A$1,$C$27-A100,0,1,1) -> 45393 | D100: =_xlfn.XLOOKUP(C100,Data!$A:$A,Data!$H:$H) -> -0.006772009 | E100: =$E$27+$F$27*_xlfn.XLOOKUP(C100,Data!$A:$A,Data!$F:$F) -> -0.0064841409 | F100: =D100-E100 -> -0.00028786814 | G100: =F100/$I$27 -> -0.015270422 | H100: =IF(ABS(G100)<$B$6,"No","Yes") -> No | I100: =(1+I101)*(1+F100)-1 -> 0.014307863
... A108: -9 | B108: =TEXT(WEEKDAY(C108),"ddd") -> Mon | C108: =OFFSET(Data!$A$1,$C$27-A108,0,1,1) -> 45383 | D108: =_xlfn.XLOOKUP(C108,Data!$A:$A,Data!$H:$H) -> -0.019213382 | E108: =$E$27+$F$27*_xlfn.XLOOKUP(C108,Data!$A:$A,Data!$F:$F) -> -0.0004284223 | F108: =D108-E108 -> -0.018784959 | G108: =F108/$I$27 -> -0.99647795 | H108: =IF(ABS(G108)<$B$6,"No","Yes") -> No | I108: =(1+I109)*(1+F108)-1 -> -0.012756519
A109: -10 | B109: =TEXT(WEEKDAY(C109),"ddd") -> Sun | C109: =OFFSET(Data!$A$1,$C$27-A109,0,1,1) -> 45382 | D109: =_xlfn.XLOOKUP(C109,Data!$A:$A,Data!$H:$H) -> 0.009009009 | E109: =$E$27+$F$27*_xlfn.XLOOKUP(C109,Data!$A:$A,Data!$F:$F) -> 0.0028651567 | F109: =D109-E109 -> 0.0061438523 | G109: =F109/$I$27 -> 0.32591039 | H109: =IF(ABS(G109)<$B$6,"No","Yes") -> No | I109: =F109 -> 0.0061438523
A111: Event 4 | B111: =E13 -> Haniyeh assassinated in Tehran
A112: rel day | B112: weekday | C112: Date | D112: Actual | E112: Expected | F112: AR | G112: t-test | H112: Sig? | I112: CAR
A113: 10 | B113: =TEXT(WEEKDAY(C113),"ddd") -> Thu | C113: =OFFSET(Data!$A$1,$C$28-A113,0,1,1) -> 45519 | D113: =_xlfn.XLOOKUP(C113,Data!$A:$A,Data!$H:$H) -> 0.034288075 | E113: =$E$28+$F$28*_xlfn.XLOOKUP(C113,Data!$A:$A,Data!$F:$F) -> 0.0082517991 | F113: =D113-E113 -> 0.026036276 | G113: =F113/$I$28 -> 1.6974736 | H113: =IF(ABS(G113)<$B$6,"No","Yes") -> No | I113: =(1+I114)*(1+F113)-1 -> -0.093958511
A114: 9 | B114: =TEXT(WEEKDAY(C114),"ddd") -> Wed | C114: =OFFSET(Data!$A$1,$C$28-A114,0,1,1) -> 45518 | D114: =_xlfn.XLOOKUP(C114,Data!$A:$A,Data!$H:$H) -> 0.032413989 | E114: =$E$28+$F$28*_xlfn.XLOOKUP(C114,Data!$A:$A,Data!$F:$F) -> 0.0094206366 | F114: =D114-E114 -> 0.022993353 | G114: =F114/$I$28 -> 1.4990857 | H114: =IF(ABS(G114)<$B$6,"No","Yes") -> No | I114: =(1+I115)*(1+F114)-1 -> -0.11694985
A115: 8 | B115: =TEXT(WEEKDAY(C115),"ddd") -> Mon | C115: =OFFSET(Data!$A$1,$C$28-A115,0,1,1) -> 45516 | D115: =_xlfn.XLOOKUP(C115,Data!$A:$A,Data!$H:$H) -> -0.027378319 | E115: =$E$28+$F$28*_xlfn.XLOOKUP(C115,Data!$A:$A,Data!$F:$F) -> -0.0075650927 | F115: =D115-E115 -> -0.019813226 | G115: =F115/$I$28 -> -1.2917526 | H115: =IF(ABS(G115)<$B$6,"No","Yes") -> No | I115: =(1+I116)*(1+F115)-1 -> -0.13679776
A116: 7 | B116: =TEXT(WEEKDAY(C116),"ddd") -> Sun | C116: =OFFSET(Data!$A$1,$C$28-A116,0,1,1) -> 45515 | D116: =_xlfn.XLOOKUP(C116,Data!$A:$A,Data!$H:$H) -> -0.014579643 | E116: =$E$28+$F$28*_xlfn.XLOOKUP(C116,Data!$A:$A,Data!$F:$F) -> 0.0015769262 | F116: =D116-E116 -> -0.016156569 | G116: =F116/$I$28 -> -1.0533515 | H116: =IF(ABS(G116)<$B$6,"No","Yes") -> No | I116: =(1+I117)*(1+F116)-1 -> -0.11934923
A117: 6 | B117: =TEXT(WEEKDAY(C117),"ddd") -> Thu | C117: =OFFSET(Data!$A$1,$C$28-A117,0,1,1) -> 45512 | D117: =_xlfn.XLOOKUP(C117,Data!$A:$A,Data!$H:$H) -> 0.0061694543 | E117: =$E$28+$F$28*_xlfn.XLOOKUP(C117,Data!$A:$A,Data!$F:$F) -> 0.0069254426 | F117: =D117-E117 -> -0.00075598825 | G117: =F117/$I$28 -> -0.049287774 | H117: =IF(ABS(G117)<$B$6,"No","Yes") -> No | I117: =(1+I118)*(1+F117)-1 -> -0.10488728
A118: 5 | B118: =TEXT(WEEKDAY(C118),"ddd") -> Wed | C118: =OFFSET(Data!$A$1,$C$28-A118,0,1,1) -> 45511 | D118: =_xlfn.XLOOKUP(C118,Data!$A:$A,Data!$H:$H) -> 0.012071597 | E118: =$E$28+$F$28*_xlfn.XLOOKUP(C118,Data!$A:$A,Data!$F:$F) -> 0.0094120023 | F118: =D118-E118 -> 0.0026595947 | G118: =F118/$I$28 -> 0.17339622 | H118: =IF(ABS(G118)<$B$6,"No","Yes") -> No | I118: =(1+I119)*(1+F118)-1 -> -0.10421007
A119: 4 | B119: =TEXT(WEEKDAY(C119),"ddd") -> Tue | C119: =OFFSET(Data!$A$1,$C$28-A119,0,1,1) -> 45510 | D119: =_xlfn.XLOOKUP(C119,Data!$A:$A,Data!$H:$H) -> -0.024763194 | E119: =$E$28+$F$28*_xlfn.XLOOKUP(C119,Data!$A:$A,Data!$F:$F) -> 0.0081979393 | F119: =D119-E119 -> -0.032961133 | G119: =F119/$I$28 -> -2.1489499 | H119: =IF(ABS(G119)<$B$6,"No","Yes") -> Yes | I119: =(1+I120)*(1+F119)-1 -> -0.10658619
A120: 3 | B120: =TEXT(WEEKDAY(C120),"ddd") -> Mon | C120: =OFFSET(Data!$A$1,$C$28-A120,0,1,1) -> 45509 | D120: =_xlfn.XLOOKUP(C120,Data!$A:$A,Data!$H:$H) -> -0.0166334 | E120: =$E$28+$F$28*_xlfn.XLOOKUP(C120,Data!$A:$A,Data!$F:$F) -> -0.0044106717 | F120: =D120-E120 -> -0.012222728 | G120: =F120/$I$28 -> -0.79687887 | H120: =IF(ABS(G120)<$B$6,"No","Yes") -> No | I120: =(1+I121)*(1+F120)-1 -> -0.076134538
A121: 2 | B121: =TEXT(WEEKDAY(C121),"ddd") -> Sun | C121: =OFFSET(Data!$A$1,$C$28-A121,0,1,1) -> 45508 | D121: =_xlfn.XLOOKUP(C121,Data!$A:$A,Data!$H:$H) -> 0.00066577896 | E121: =$E$28+$F$28*_xlfn.XLOOKUP(C121,Data!$A:$A,Data!$F:$F) -> -0.011868329 | F121: =D121-E121 -> 0.012534108 | G121: =F121/$I$28 -> 0.81717975 | H121: =IF(ABS(G121)<$B$6,"No","Yes") -> No | I121: =(1+I122)*(1+F121)-1 -> -0.064702653
A122: 1 | B122: =TEXT(WEEKDAY(C122),"ddd") -> Thu | C122: =OFFSET(Data!$A$1,$C$28-A122,0,1,1) -> 45505 | D122: =_xlfn.XLOOKUP(C122,Data!$A:$A,Data!$H:$H) -> -0.076260763 | E122: =$E$28+$F$28*_xlfn.XLOOKUP(C122,Data!$A:$A,Data!$F:$F) -> -0.0080291587 | F122: =D122-E122 -> -0.068231604 | G122: =F122/$I$28 -> -4.4484605 | H122: =IF(ABS(G122)<$B$6,"No","Yes") -> Yes | I122: =(1+I123)*(1+F122)-1 -> -0.076280651
A123: 0 | B123: =TEXT(WEEKDAY(C123),"ddd") -> Wed | C123: =OFFSET(Data!$A$1,$C$28-A123,0,1,1) -> 45504 | D123: =_xlfn.XLOOKUP(C123,Data!$A:$A,Data!$H:$H) -> 0.026255996 | E123: =$E$28+$F$28*_xlfn.XLOOKUP(C123,Data!$A:$A,Data!$F:$F) -> 0.0010275256 | F123: =D123-E123 -> 0.02522847 | G123: =F123/$I$28 -> 1.6448075 | H123: =IF(ABS(G123)<$B$6,"No","Yes") -> No | I123: =(1+I124)*(1+F123)-1 -> -0.008638463
A124: -1 | B124: =TEXT(WEEKDAY(C124),"ddd") -> Tue | C124: =OFFSET(Data!$A$1,$C$28-A124,0,1,1) -> 45503 | D124: =_xlfn.XLOOKUP(C124,Data!$A:$A,Data!$H:$H) -> -0.013326691 | E124: =$E$28+$F$28*_xlfn.XLOOKUP(C124,Data!$A:$A,Data!$F:$F) -> -0.0043833768 | F124: =D124-E124 -> -0.0089433139 | G124: =F124/$I$28 -> -0.5830726 | H124: =IF(ABS(G124)<$B$6,"No","Yes") -> No | I124: =(1+I125)*(1+F124)-1 -> -0.033033548
... A132: -9 | B132: =TEXT(WEEKDAY(C132),"ddd") -> Thu | C132: =OFFSET(Data!$A$1,$C$28-A132,0,1,1) -> 45491 | D132: =_xlfn.XLOOKUP(C132,Data!$A:$A,Data!$H:$H) -> -0.010287081 | E132: =$E$28+$F$28*_xlfn.XLOOKUP(C132,Data!$A:$A,Data!$F:$F) -> -0.0020658244 | F132: =D132-E132 -> -0.008221257 | G132: =F132/$I$28 -> -0.53599703 | H132: =IF(ABS(G132)<$B$6,"No","Yes") -> No | I132: =(1+I133)*(1+F132)-1 -> -0.0027233275
A133: -10 | B133: =TEXT(WEEKDAY(C133),"ddd") -> Wed | C133: =OFFSET(Data!$A$1,$C$28-A133,0,1,1) -> 45490 | D133: =_xlfn.XLOOKUP(C133,Data!$A:$A,Data!$H:$H) -> 0.0027587861 | E133: =$E$28+$F$28*_xlfn.XLOOKUP(C133,Data!$A:$A,Data!$F:$F) -> -0.0027847179 | F133: =D133-E133 -> 0.005543504 | G133: =F133/$I$28 -> 0.36141696 | H133: =IF(ABS(G133)<$B$6,"No","Yes") -> No | I133: =F133 -> 0.005543504
A135: Event 5 | B135: =E14 -> Iran second attack (~180 missiles)
A136: rel day | B136: weekday | C136: Date | D136: Actual | E136: Expected | F136: AR | G136: t-test | H136: Sig? | I136: CAR
...

Sheet Dan
A1: Dan — Event Study (market model, single-variable regression)
A3: Parameters
A4: Estimation window (max days) | B4: 252
A5: Event window (days each side) | B5: 10
A6: Significance |t| > | B6: 1.96
A8: Events
A9: # | B9: Event date | C9: TASE t=0 | D9: Sign | E9: Description
A10: 1 | B10: 45206 | C10: =IF(WEEKDAY(B10)=6,B10+2,IF(WEEKDAY(B10)=7,B10+1,B10)) -> 45207 | D10: - | E10: Hamas attack; Israel declares war
A11: 2 | B11: 45252 | C11: =IF(WEEKDAY(B11)=6,B11+2,IF(WEEKDAY(B11)=7,B11+1,B11)) -> 45252 | D11: + | E11: First hostage truce (105 freed)
A12: 3 | B12: 45396 | C12: =IF(WEEKDAY(B12)=6,B12+2,IF(WEEKDAY(B12)=7,B12+1,B12)) -> 45396 | D12: - | E12: Iran first direct attack
A13: 4 | B13: 45504 | C13: =IF(WEEKDAY(B13)=6,B13+2,IF(WEEKDAY(B13)=7,B13+1,B13)) -> 45504 | D13: - | E13: Haniyeh assassinated in Tehran
A14: 5 | B14: 45566 | C14: 45571 | D14: - | E14: Iran second attack (~180 missiles)
A15: 6 | B15: 45623 | C15: =IF(WEEKDAY(B15)=6,B15+2,IF(WEEKDAY(B15)=7,B15+1,B15)) -> 45623 | D15: + | E15: Israel-Lebanon ceasefire
A16: 7 | B16: 45672 | C16: =IF(WEEKDAY(B16)=6,B16+2,IF(WEEKDAY(B16)=7,B16+1,B16)) -> 45672 | D16: + | E16: Gaza ceasefire (33 hostages)
A17: 8 | B17: 45789 | C17: 45789 | D17: + | E17: Edan Alexander released
A18: 9 | B18: 45821 | C18: =IF(WEEKDAY(B18)=6,B18+2,IF(WEEKDAY(B18)=7,B18+1,B18)) -> 45823 | D18: - | E18: 12-Day War begins
A19: 10 | B19: 45939 | C19: =IF(WEEKDAY(B19)=6,B19+2,IF(WEEKDAY(B19)=7,B19+1,B19)) -> 45939 | D19: + | E19: Sharm el-Sheikh deal
A20: 11 | B20: 46081 | C20: =IF(WEEKDAY(B20)=7, B20+2, IF(WEEKDAY(B20)=1, B20+1, B20)) -> 46083 | D20: - | E20: 2026 Israel-Iran war begins
A21: 12 | B21: 46120 | C21: 46121 | D21: + | E21: Pakistan-brokered ceasefire
A23: Model info & statistics — market-model regression (stock daily return on TA-125 daily return; 252-day estimation window). Intercept = α (INTERCEPT), b1 = β (SLOPE), R² (RSQ), sey = standard error of the estimate (STEYX).
A24: # | B24: Event t=0 (adj) | C24: Event point | D24: Window | E24: a (intercept) | F24: b1 (TA125) | G24: (unused) | H24: R2 | I24: sey
A25: =A10 -> 1 | B25: =IF(WEEKDAY(C10)=6,C10+2,IF(WEEKDAY(C10)=7,C10+1,C10)) -> 45207 | C25: =IFERROR(MATCH(B25,Data!$A$2:$A$718,0),MATCH(B25,Data!$A$2:$A$718,-1)) -> 630 | D25: =MIN($B$4,COUNTA(Data!$A:$A)-1-(C25+11)+1) -> 252 | E25: =INTERCEPT(OFFSET(Data!$I$1,C25+11,0,D25,1),OFFSET(Data!$F$1,C25+11,0,D25,1)) -> -0.00049567691 | F25: =SLOPE(OFFSET(Data!$I$1,C25+11,0,D25,1),OFFSET(Data!$F$1,C25+11,0,D25,1)) -> 0.11154208 | H25: =RSQ(OFFSET(Data!$I$1,C25+11,0,D25,1),OFFSET(Data!$F$1,C25+11,0,D25,1)) -> 0.0096801894 | I25: =STEYX(OFFSET(Data!$I$1,C25+11,0,D25,1),OFFSET(Data!$F$1,C25+11,0,D25,1)) -> 0.01176835
A26: =A11 -> 2 | B26: =IF(WEEKDAY(C11)=6,C11+2,IF(WEEKDAY(C11)=7,C11+1,C11)) -> 45252 | C26: =IFERROR(MATCH(B26,Data!$A$2:$A$718,0),MATCH(B26,Data!$A$2:$A$718,-1)) -> 597 | D26: =MIN($B$4,COUNTA(Data!$A:$A)-1-(C26+11)+1) -> 252 | E26: =INTERCEPT(OFFSET(Data!$I$1,C26+11,0,D26,1),OFFSET(Data!$F$1,C26+11,0,D26,1)) -> -0.00073523555 | F26: =SLOPE(OFFSET(Data!$I$1,C26+11,0,D26,1),OFFSET(Data!$F$1,C26+11,0,D26,1)) -> 0.22071894 | H26: =RSQ(OFFSET(Data!$I$1,C26+11,0,D26,1),OFFSET(Data!$F$1,C26+11,0,D26,1)) -> 0.038280323 | I26: =STEYX(OFFSET(Data!$I$1,C26+11,0,D26,1),OFFSET(Data!$F$1,C26+11,0,D26,1)) -> 0.012837469
A27: =A12 -> 3 | B27: =IF(WEEKDAY(C12)=6,C12+2,IF(WEEKDAY(C12)=7,C12+1,C12)) -> 45396 | C27: =IFERROR(MATCH(B27,Data!$A$2:$A$718,0),MATCH(B27,Data!$A$2:$A$718,-1)) -> 497 | D27: =MIN($B$4,COUNTA(Data!$A:$A)-1-(C27+11)+1) -> 252 | E27: =INTERCEPT(OFFSET(Data!$I$1,C27+11,0,D27,1),OFFSET(Data!$F$1,C27+11,0,D27,1)) -> 0.00018098926 | F27: =SLOPE(OFFSET(Data!$I$1,C27+11,0,D27,1),OFFSET(Data!$F$1,C27+11,0,D27,1)) -> 0.23559377 | H27: =RSQ(OFFSET(Data!$I$1,C27+11,0,D27,1),OFFSET(Data!$F$1,C27+11,0,D27,1)) -> 0.033146306 | I27: =STEYX(OFFSET(Data!$I$1,C27+11,0,D27,1),OFFSET(Data!$F$1,C27+11,0,D27,1)) -> 0.013780371
A28: =A13 -> 4 | B28: =IF(WEEKDAY(C13)=6,C13+2,IF(WEEKDAY(C13)=7,C13+1,C13)) -> 45504 | C28: =IFERROR(MATCH(B28,Data!$A$2:$A$718,0),MATCH(B28,Data!$A$2:$A$718,-1)) -> 427 | D28: =MIN($B$4,COUNTA(Data!$A:$A)-1-(C28+11)+1) -> 252 | E28: =INTERCEPT(OFFSET(Data!$I$1,C28+11,0,D28,1),OFFSET(Data!$F$1,C28+11,0,D28,1)) -> -0.00016159767 | F28: =SLOPE(OFFSET(Data!$I$1,C28+11,0,D28,1),OFFSET(Data!$F$1,C28+11,0,D28,1)) -> 0.25415525 | H28: =RSQ(OFFSET(Data!$I$1,C28+11,0,D28,1),OFFSET(Data!$F$1,C28+11,0,D28,1)) -> 0.040837068 | I28: =STEYX(OFFSET(Data!$I$1,C28+11,0,D28,1),OFFSET(Data!$F$1,C28+11,0,D28,1)) -> 0.013440895
A29: =A14 -> 5 | B29: =IF(WEEKDAY(C14)=6,C14+2,IF(WEEKDAY(C14)=7,C14+1,C14)) -> 45571 | C29: =IFERROR(MATCH(B29,Data!$A$2:$A$718,0),MATCH(B29,Data!$A$2:$A$718,-1)) -> 383 | D29: =MIN($B$4,COUNTA(Data!$A:$A)-1-(C29+11)+1) -> 252 | E29: =INTERCEPT(OFFSET(Data!$I$1,C29+11,0,D29,1),OFFSET(Data!$F$1,C29+11,0,D29,1)) -> -3.0717479e-05 | F29: =SLOPE(OFFSET(Data!$I$1,C29+11,0,D29,1),OFFSET(Data!$F$1,C29+11,0,D29,1)) -> 0.18775614 | H29: =RSQ(OFFSET(Data!$I$1,C29+11,0,D29,1),OFFSET(Data!$F$1,C29+11,0,D29,1)) -> 0.025173944 | I29: =STEYX(OFFSET(Data!$I$1,C29+11,0,D29,1),OFFSET(Data!$F$1,C29+11,0,D29,1)) -> 0.012824566
A30: =A15 -> 6 | B30: =IF(WEEKDAY(C15)=6,C15+2,IF(WEEKDAY(C15)=7,C15+1,C15)) -> 45623 | C30: =IFERROR(MATCH(B30,Data!$A$2:$A$718,0),MATCH(B30,Data!$A$2:$A$718,-1)) -> 349 | D30: =MIN($B$4,COUNTA(Data!$A:$A)-1-(C30+11)+1) -> 252 | E30: =INTERCEPT(OFFSET(Data!$I$1,C30+11,0,D30,1),OFFSET(Data!$F$1,C30+11,0,D30,1)) -> 0.00024884628 | F30: =SLOPE(OFFSET(Data!$I$1,C30+11,0,D30,1),OFFSET(Data!$F$1,C30+11,0,D30,1)) -> 0.065817921 | H30: =RSQ(OFFSET(Data!$I$1,C30+11,0,D30,1),OFFSET(Data!$F$1,C30+11,0,D30,1)) -> 0.0028707918 | I30: =STEYX(OFFSET(Data!$I$1,C30+11,0,D30,1),OFFSET(Data!$F$1,C30+11,0,D30,1)) -> 0.011748483
A31: =A16 -> 7 | B31: =IF(WEEKDAY(C16)=6,C16+2,IF(WEEKDAY(C16)=7,C16+1,C16)) -> 45672 | C31: =IFERROR(MATCH(B31,Data!$A$2:$A$718,0),MATCH(B31,Data!$A$2:$A$718,-1)) -> 314 | D31: =MIN($B$4,COUNTA(Data!$A:$A)-1-(C31+11)+1) -> 252 | E31: =INTERCEPT(OFFSET(Data!$I$1,C31+11,0,D31,1),OFFSET(Data!$F$1,C31+11,0,D31,1)) -> 0.000254578 | F31: =SLOPE(OFFSET(Data!$I$1,C31+11,0,D31,1),OFFSET(Data!$F$1,C31+11,0,D31,1)) -> 0.051232162 | H31: =RSQ(OFFSET(Data!$I$1,C31+11,0,D31,1),OFFSET(Data!$F$1,C31+11,0,D31,1)) -> 0.0017758253 | I31: =STEYX(OFFSET(Data!$I$1,C31+11,0,D31,1),OFFSET(Data!$F$1,C31+11,0,D31,1)) -> 0.010941814
A32: =A17 -> 8 | B32: =IF(WEEKDAY(C17)=6,C17+2,IF(WEEKDAY(C17)=7,C17+1,C17)) -> 45789 | C32: =IFERROR(MATCH(B32,Data!$A$2:$A$718,0),MATCH(B32,Data!$A$2:$A$718,-1)) -> 234 | D32: =MIN($B$4,COUNTA(Data!$A:$A)-1-(C32+11)+1) -> 252 | E32: =INTERCEPT(OFFSET(Data!$I$1,C32+11,0,D32,1),OFFSET(Data!$F$1,C32+11,0,D32,1)) -> -0.00015373291 | F32: =SLOPE(OFFSET(Data!$I$1,C32+11,0,D32,1),OFFSET(Data!$F$1,C32+11,0,D32,1)) -> 0.17186973 | H32: =RSQ(OFFSET(Data!$I$1,C32+11,0,D32,1),OFFSET(Data!$F$1,C32+11,0,D32,1)) -> 0.015609395 | I32: =STEYX(OFFSET(Data!$I$1,C32+11,0,D32,1),OFFSET(Data!$F$1,C32+11,0,D32,1)) -> 0.013758419
A33: =A18 -> 9 | B33: =IF(WEEKDAY(C18)=6,C18+2,IF(WEEKDAY(C18)=7,C18+1,C18)) -> 45823 | C33: =IFERROR(MATCH(B33,Data!$A$2:$A$718,0),MATCH(B33,Data!$A$2:$A$718,-1)) -> 212 | D33: =MIN($B$4,COUNTA(Data!$A:$A)-1-(C33+11)+1) -> 252 | E33: =INTERCEPT(OFFSET(Data!$I$1,C33+11,0,D33,1),OFFSET(Data!$F$1,C33+11,0,D33,1)) -> -0.00010009684 | F33: =SLOPE(OFFSET(Data!$I$1,C33+11,0,D33,1),OFFSET(Data!$F$1,C33+11,0,D33,1)) -> 0.19999511 | H33: =RSQ(OFFSET(Data!$I$1,C33+11,0,D33,1),OFFSET(Data!$F$1,C33+11,0,D33,1)) -> 0.018238285 | I33: =STEYX(OFFSET(Data!$I$1,C33+11,0,D33,1),OFFSET(Data!$F$1,C33+11,0,D33,1)) -> 0.014625995
A34: =A19 -> 10 | B34: =IF(WEEKDAY(C19)=6,C19+2,IF(WEEKDAY(C19)=7,C19+1,C19)) -> 45939 | C34: =IFERROR(MATCH(B34,Data!$A$2:$A$718,0),MATCH(B34,Data!$A$2:$A$718,-1)) -> 136 | D34: =MIN($B$4,COUNTA(Data!$A:$A)-1-(C34+11)+1) -> 252 | E34: =INTERCEPT(OFFSET(Data!$I$1,C34+11,0,D34,1),OFFSET(Data!$F$1,C34+11,0,D34,1)) -> -0.00036793553 | F34: =SLOPE(OFFSET(Data!$I$1,C34+11,0,D34,1),OFFSET(Data!$F$1,C34+11,0,D34,1)) -> 0.45472165 | H34: =RSQ(OFFSET(Data!$I$1,C34+11,0,D34,1),OFFSET(Data!$F$1,C34+11,0,D34,1)) -> 0.063291422 | I34: =STEYX(OFFSET(Data!$I$1,C34+11,0,D34,1),OFFSET(Data!$F$1,C34+11,0,D34,1)) -> 0.017517363
A35: =A20 -> 11 | B35: =IF(WEEKDAY(C20)=6,C20+2,IF(WEEKDAY(C20)=7,C20+1,C20)) -> 46083 | C35: =IFERROR(MATCH(B35,Data!$A$2:$A$718,0),MATCH(B35,Data!$A$2:$A$718,-1)) -> 37 | D35: =MIN($B$4,COUNTA(Data!$A:$A)-1-(C35+11)+1) -> 252 | E35: =INTERCEPT(OFFSET(Data!$I$1,C35+11,0,D35,1),OFFSET(Data!$F$1,C35+11,0,D35,1)) -> 0.001105731 | F35: =SLOPE(OFFSET(Data!$I$1,C35+11,0,D35,1),OFFSET(Data!$F$1,C35+11,0,D35,1)) -> 0.43279233 | H35: =RSQ(OFFSET(Data!$I$1,C35+11,0,D35,1),OFFSET(Data!$F$1,C35+11,0,D35,1)) -> 0.062895139 | I35: =STEYX(OFFSET(Data!$I$1,C35+11,0,D35,1),OFFSET(Data!$F$1,C35+11,0,D35,1)) -> 0.018225817
A36: =A21 -> 12 | B36: =IF(WEEKDAY(C21)=6,C21+2,IF(WEEKDAY(C21)=7,C21+1,C21)) -> 46121 | C36: =IFERROR(MATCH(B36,Data!$A$2:$A$718,0),MATCH(B36,Data!$A$2:$A$718,-1)) -> 14 | D36: =MIN($B$4,COUNTA(Data!$A:$A)-1-(C36+11)+1) -> 252 | E36: =INTERCEPT(OFFSET(Data!$I$1,C36+11,0,D36,1),OFFSET(Data!$F$1,C36+11,0,D36,1)) -> 0.00076649658 | F36: =SLOPE(OFFSET(Data!$I$1,C36+11,0,D36,1),OFFSET(Data!$F$1,C36+11,0,D36,1)) -> 0.36440499 | H36: =RSQ(OFFSET(Data!$I$1,C36+11,0,D36,1),OFFSET(Data!$F$1,C36+11,0,D36,1)) -> 0.047214143 | I36: =STEYX(OFFSET(Data!$I$1,C36+11,0,D36,1),OFFSET(Data!$F$1,C36+11,0,D36,1)) -> 0.018606273
A38: Event windows [-10, +10] AR = Actual - Expected; t = AR / sey; CAR = (1+CARprev)(1+AR)-1
A39: Event 1 | B39: =E10 -> Hamas attack; Israel declares war
A40: rel day | B40: weekday | C40: Date | D40: Actual | E40: Expected | F40: AR | G40: t-test | H40: Sig? | I40: CAR | L40: SIG?
A41: 10 | B41: =TEXT(WEEKDAY(C41),"ddd") -> Sun | C41: =OFFSET(Data!$A$1,$C$25-A41,0,1,1) -> 45221 | D41: =_xlfn.XLOOKUP(C41,Data!$A:$A,Data!$I:$I) -> 0.017628911 | E41: =$E$25+$F$25*_xlfn.XLOOKUP(C41,Data!$A:$A,Data!$F:$F) -> -0.0033088709 | F41: =D41-E41 -> 0.020937782 | G41: =F41/$I$25 -> 1.7791605 | H41: =IF(ABS(G41)<$B$6,"No","Yes") -> No | I41: =(1+I42)*(1+F41)-1 -> -0.058397929
A42: 9 | B42: =TEXT(WEEKDAY(C42),"ddd") -> Thu | C42: =OFFSET(Data!$A$1,$C$25-A42,0,1,1) -> 45218 | D42: =_xlfn.XLOOKUP(C42,Data!$A:$A,Data!$I:$I) -> 0 | E42: =$E$25+$F$25*_xlfn.XLOOKUP(C42,Data!$A:$A,Data!$F:$F) -> -0.0024910106 | F42: =D42-E42 -> 0.0024910106 | G42: =F42/$I$25 -> 0.21167034 | H42: =IF(ABS(G42)<$B$6,"No","Yes") -> No | I42: =(1+I43)*(1+F42)-1 -> -0.077708665
A43: 8 | B43: =TEXT(WEEKDAY(C43),"ddd") -> Wed | C43: =OFFSET(Data!$A$1,$C$25-A43,0,1,1) -> 45217 | D43: =_xlfn.XLOOKUP(C43,Data!$A:$A,Data!$I:$I) -> 0 | E43: =$E$25+$F$25*_xlfn.XLOOKUP(C43,Data!$A:$A,Data!$F:$F) -> 0.00011635367 | F43: =D43-E43 -> -0.00011635367 | G43: =F43/$I$25 -> -0.0098869997 | H43: =IF(ABS(G43)<$B$6,"No","Yes") -> No | I43: =(1+I44)*(1+F43)-1 -> -0.080000393
A44: 7 | B44: =TEXT(WEEKDAY(C44),"ddd") -> Tue | C44: =OFFSET(Data!$A$1,$C$25-A44,0,1,1) -> 45216 | D44: =_xlfn.XLOOKUP(C44,Data!$A:$A,Data!$I:$I) -> -0.013478261 | E44: =$E$25+$F$25*_xlfn.XLOOKUP(C44,Data!$A:$A,Data!$F:$F) -> -0.00093512442 | F44: =D44-E44 -> -0.012543136 | G44: =F44/$I$25 -> -1.0658365 | H44: =IF(ABS(G44)<$B$6,"No","Yes") -> No | I44: =(1+I45)*(1+F44)-1 -> -0.079893335
A45: 6 | B45: =TEXT(WEEKDAY(C45),"ddd") -> Mon | C45: =OFFSET(Data!$A$1,$C$25-A45,0,1,1) -> 45215 | D45: =_xlfn.XLOOKUP(C45,Data!$A:$A,Data!$I:$I) -> -0.00086880973 | E45: =$E$25+$F$25*_xlfn.XLOOKUP(C45,Data!$A:$A,Data!$F:$F) -> 0.0021364901 | F45: =D45-E45 -> -0.0030052998 | G45: =F45/$I$25 -> -0.25537139 | H45: =IF(ABS(G45)<$B$6,"No","Yes") -> No | I45: =(1+I46)*(1+F45)-1 -> -0.068205713
A46: 5 | B46: =TEXT(WEEKDAY(C46),"ddd") -> Sun | C46: =OFFSET(Data!$A$1,$C$25-A46,0,1,1) -> 45214 | D46: =_xlfn.XLOOKUP(C46,Data!$A:$A,Data!$I:$I) -> 0 | E46: =$E$25+$F$25*_xlfn.XLOOKUP(C46,Data!$A:$A,Data!$F:$F) -> -0.0048028338 | F46: =D46-E46 -> 0.0048028338 | G46: =F46/$I$25 -> 0.40811447 | H46: =IF(ABS(G46)<$B$6,"No","Yes") -> No | I46: =(1+I47)*(1+F46)-1 -> -0.06539695
A47: 4 | B47: =TEXT(WEEKDAY(C47),"ddd") -> Thu | C47: =OFFSET(Data!$A$1,$C$25-A47,0,1,1) -> 45211 | D47: =_xlfn.XLOOKUP(C47,Data!$A:$A,Data!$I:$I) -> 0.013650374 | E47: =$E$25+$F$25*_xlfn.XLOOKUP(C47,Data!$A:$A,Data!$F:$F) -> -0.00099771591 | F47: =D47-E47 -> 0.01464809 | G47: =F47/$I$25 -> 1.2447022 | H47: =IF(ABS(G47)<$B$6,"No","Yes") -> No | I47: =(1+I48)*(1+F47)-1 -> -0.069864238
A48: 3 | B48: =TEXT(WEEKDAY(C48),"ddd") -> Wed | C48: =OFFSET(Data!$A$1,$C$25-A48,0,1,1) -> 45210 | D48: =_xlfn.XLOOKUP(C48,Data!$A:$A,Data!$I:$I) -> -0.029072253 | E48: =$E$25+$F$25*_xlfn.XLOOKUP(C48,Data!$A:$A,Data!$F:$F) -> -0.0021016089 | F48: =D48-E48 -> -0.026970644 | G48: =F48/$I$25 -> -2.291795 | H48: =IF(ABS(G48)<$B$6,"No","Yes") -> Yes | I48: =(1+I49)*(1+F48)-1 -> -0.083292255
A49: 2 | B49: =TEXT(WEEKDAY(C49),"ddd") -> Tue | C49: =OFFSET(Data!$A$1,$C$25-A49,0,1,1) -> 45209 | D49: =_xlfn.XLOOKUP(C49,Data!$A:$A,Data!$I:$I) -> 0.0051568543 | E49: =$E$25+$F$25*_xlfn.XLOOKUP(C49,Data!$A:$A,Data!$F:$F) -> 0.0010954919 | F49: =D49-E49 -> 0.0040613624 | G49: =F49/$I$25 -> 0.34510892 | H49: =IF(ABS(G49)<$B$6,"No","Yes") -> No | I49: =(1+I50)*(1+F49)-1 -> -0.057882746
A50: 1 | B50: =TEXT(WEEKDAY(C50),"ddd") -> Mon | C50: =OFFSET(Data!$A$1,$C$25-A50,0,1,1) -> 45208 | D50: =_xlfn.XLOOKUP(C50,Data!$A:$A,Data!$I:$I) -> 0.018380744 | E50: =$E$25+$F$25*_xlfn.XLOOKUP(C50,Data!$A:$A,Data!$F:$F) -> 0.00029914603 | F50: =D50-E50 -> 0.018081598 | G50: =F50/$I$25 -> 1.53646 | H50: =IF(ABS(G50)<$B$6,"No","Yes") -> No | I50: =(1+I51)*(1+F50)-1 -> -0.061693549
A51: 0 | B51: =TEXT(WEEKDAY(C51),"ddd") -> Sun | C51: =OFFSET(Data!$A$1,$C$25-A51,0,1,1) -> 45207 | D51: =_xlfn.XLOOKUP(C51,Data!$A:$A,Data!$I:$I) -> -0.053438277 | E51: =$E$25+$F$25*_xlfn.XLOOKUP(C51,Data!$A:$A,Data!$F:$F) -> -0.0079616965 | F51: =D51-E51 -> -0.04547658 | G51: =F51/$I$25 -> -3.8643125 | H51: =IF(ABS(G51)<$B$6,"No","Yes") -> Yes | I51: =(1+I52)*(1+F51)-1 -> -0.078358303
A52: -1 | B52: =TEXT(WEEKDAY(C52),"ddd") -> Thu | C52: =OFFSET(Data!$A$1,$C$25-A52,0,1,1) -> 45204 | D52: =_xlfn.XLOOKUP(C52,Data!$A:$A,Data!$I:$I) -> 0.001244297 | E52: =$E$25+$F$25*_xlfn.XLOOKUP(C52,Data!$A:$A,Data!$F:$F) -> -0.0008437973 | F52: =D52-E52 -> 0.0020880943 | G52: =F52/$I$25 -> 0.17743306 | H52: =IF(ABS(G52)<$B$6,"No","Yes") -> No | I52: =(1+I53)*(1+F52)-1 -> -0.034448315
... A60: -9 | B60: =TEXT(WEEKDAY(C60),"ddd") -> Thu | C60: =OFFSET(Data!$A$1,$C$25-A60,0,1,1) -> 45190 | D60: =_xlfn.XLOOKUP(C60,Data!$A:$A,Data!$I:$I) -> -0.019498607 | E60: =$E$25+$F$25*_xlfn.XLOOKUP(C60,Data!$A:$A,Data!$F:$F) -> -0.00051285646 | F60: =D60-E60 -> -0.018985751 | G60: =F60/$I$25 -> -1.6132892 | H60: =IF(ABS(G60)<$B$6,"No","Yes") -> No | I60: =(1+I61)*(1+F60)-1 -> -0.019739611
A61: -10 | B61: =TEXT(WEEKDAY(C61),"ddd") -> Wed | C61: =OFFSET(Data!$A$1,$C$25-A61,0,1,1) -> 45189 | D61: =_xlfn.XLOOKUP(C61,Data!$A:$A,Data!$I:$I) -> 0 | E61: =$E$25+$F$25*_xlfn.XLOOKUP(C61,Data!$A:$A,Data!$F:$F) -> 0.00076844951 | F61: =D61-E61 -> -0.00076844951 | G61: =F61/$I$25 -> -0.065297985 | H61: =IF(ABS(G61)<$B$6,"No","Yes") -> No | I61: =F61 -> -0.00076844951
A63: Event 2 | B63: =E11 -> First hostage truce (105 freed)
A64: rel day | B64: weekday | C64: Date | D64: Actual | E64: Expected | F64: AR | G64: t-test | H64: Sig? | I64: CAR
A65: 10 | B65: =TEXT(WEEKDAY(C65),"ddd") -> Wed | C65: =OFFSET(Data!$A$1,$C$26-A65,0,1,1) -> 45266 | D65: =_xlfn.XLOOKUP(C65,Data!$A:$A,Data!$I:$I) -> -0.011627907 | E65: =$E$26+$F$26*_xlfn.XLOOKUP(C65,Data!$A:$A,Data!$F:$F) -> -0.00045585972 | F65: =D65-E65 -> -0.011172047 | G65: =F65/$I$26 -> -0.87026872 | H65: =IF(ABS(G65)<$B$6,"No","Yes") -> No | I65: =(1+I66)*(1+F65)-1 -> -0.046738362
A66: 9 | B66: =TEXT(WEEKDAY(C66),"ddd") -> Tue | C66: =OFFSET(Data!$A$1,$C$26-A66,0,1,1) -> 45265 | D66: =_xlfn.XLOOKUP(C66,Data!$A:$A,Data!$I:$I) -> -0.022727273 | E66: =$E$26+$F$26*_xlfn.XLOOKUP(C66,Data!$A:$A,Data!$F:$F) -> 0.0019437356 | F66: =D66-E66 -> -0.024671008 | G66: =F66/$I$26 -> -1.921797 | H66: =IF(ABS(G66)<$B$6,"No","Yes") -> No | I66: =(1+I67)*(1+F66)-1 -> -0.035968152
A67: 8 | B67: =TEXT(WEEKDAY(C67),"ddd") -> Mon | C67: =OFFSET(Data!$A$1,$C$26-A67,0,1,1) -> 45264 | D67: =_xlfn.XLOOKUP(C67,Data!$A:$A,Data!$I:$I) -> 0.023731968 | E67: =$E$26+$F$26*_xlfn.XLOOKUP(C67,Data!$A:$A,Data!$F:$F) -> -0.00042399763 | F67: =D67-E67 -> 0.024155966 | G67: =F67/$I$26 -> 1.8816767 | H67: =IF(ABS(G67)<$B$6,"No","Yes") -> No | I67: =(1+I68)*(1+F67)-1 -> -0.011582906
A68: 7 | B68: =TEXT(WEEKDAY(C68),"ddd") -> Sun | C68: =OFFSET(Data!$A$1,$C$26-A68,0,1,1) -> 45263 | D68: =_xlfn.XLOOKUP(C68,Data!$A:$A,Data!$I:$I) -> 0 | E68: =$E$26+$F$26*_xlfn.XLOOKUP(C68,Data!$A:$A,Data!$F:$F) -> 0.001201522 | F68: =D68-E68 -> -0.001201522 | G68: =F68/$I$26 -> -0.09359493 | H68: =IF(ABS(G68)<$B$6,"No","Yes") -> No | I68: =(1+I69)*(1+F68)-1 -> -0.034895927
A69: 6 | B69: =TEXT(WEEKDAY(C69),"ddd") -> Thu | C69: =OFFSET(Data!$A$1,$C$26-A69,0,1,1) -> 45260 | D69: =_xlfn.XLOOKUP(C69,Data!$A:$A,Data!$I:$I) -> -0.053303965 | E69: =$E$26+$F$26*_xlfn.XLOOKUP(C69,Data!$A:$A,Data!$F:$F) -> -0.0046524789 | F69: =D69-E69 -> -0.048651486 | G69: =F69/$I$26 -> -3.7898037 | H69: =IF(ABS(G69)<$B$6,"No","Yes") -> Yes | I69: =(1+I70)*(1+F69)-1 -> -0.033734938
A70: 5 | B70: =TEXT(WEEKDAY(C70),"ddd") -> Wed | C70: =OFFSET(Data!$A$1,$C$26-A70,0,1,1) -> 45259 | D70: =_xlfn.XLOOKUP(C70,Data!$A:$A,Data!$I:$I) -> 0 | E70: =$E$26+$F$26*_xlfn.XLOOKUP(C70,Data!$A:$A,Data!$F:$F) -> 0.0012526188 | F70: =D70-E70 -> -0.0012526188 | G70: =F70/$I$26 -> -0.097575216 | H70: =IF(ABS(G70)<$B$6,"No","Yes") -> No | I70: =(1+I71)*(1+F70)-1 -> 0.015679372
A71: 4 | B71: =TEXT(WEEKDAY(C71),"ddd") -> Tue | C71: =OFFSET(Data!$A$1,$C$26-A71,0,1,1) -> 45258 | D71: =_xlfn.XLOOKUP(C71,Data!$A:$A,Data!$I:$I) -> 0.00088183422 | E71: =$E$26+$F$26*_xlfn.XLOOKUP(C71,Data!$A:$A,Data!$F:$F) -> 0.00030937311 | F71: =D71-E71 -> 0.0005724611 | G71: =F71/$I$26 -> 0.04459299 | H71: =IF(ABS(G71)<$B$6,"No","Yes") -> No | I71: =(1+I72)*(1+F71)-1 -> 0.016953227
A72: 3 | B72: =TEXT(WEEKDAY(C72),"ddd") -> Mon | C72: =OFFSET(Data!$A$1,$C$26-A72,0,1,1) -> 45257 | D72: =_xlfn.XLOOKUP(C72,Data!$A:$A,Data!$I:$I) -> 0 | E72: =$E$26+$F$26*_xlfn.XLOOKUP(C72,Data!$A:$A,Data!$F:$F) -> -0.002822909 | F72: =D72-E72 -> 0.002822909 | G72: =F72/$I$26 -> 0.21989608 | H72: =IF(ABS(G72)<$B$6,"No","Yes") -> No | I72: =(1+I73)*(1+F72)-1 -> 0.016371394
A73: 2 | B73: =TEXT(WEEKDAY(C73),"ddd") -> Sun | C73: =OFFSET(Data!$A$1,$C$26-A73,0,1,1) -> 45256 | D73: =_xlfn.XLOOKUP(C73,Data!$A:$A,Data!$I:$I) -> 0.0039840637 | E73: =$E$26+$F$26*_xlfn.XLOOKUP(C73,Data!$A:$A,Data!$F:$F) -> -1.0252541e-05 | F73: =D73-E73 -> 0.0039943163 | G73: =F73/$I$26 -> 0.31114517 | H73: =IF(ABS(G73)<$B$6,"No","Yes") -> No | I73: =(1+I74)*(1+F73)-1 -> 0.013510346
A74: 1 | B74: =TEXT(WEEKDAY(C74),"ddd") -> Thu | C74: =OFFSET(Data!$A$1,$C$26-A74,0,1,1) -> 45253 | D74: =_xlfn.XLOOKUP(C74,Data!$A:$A,Data!$I:$I) -> -0.038723404 | E74: =$E$26+$F$26*_xlfn.XLOOKUP(C74,Data!$A:$A,Data!$F:$F) -> -0.00027369501 | F74: =D74-E74 -> -0.038449709 | G74: =F74/$I$26 -> -2.9951162 | H74: =IF(ABS(G74)<$B$6,"No","Yes") -> Yes | I74: =(1+I75)*(1+F74)-1 -> 0.0094781712
A75: 0 | B75: =TEXT(WEEKDAY(C75),"ddd") -> Wed | C75: =OFFSET(Data!$A$1,$C$26-A75,0,1,1) -> 45252 | D75: =_xlfn.XLOOKUP(C75,Data!$A:$A,Data!$I:$I) -> 0.035242291 | E75: =$E$26+$F$26*_xlfn.XLOOKUP(C75,Data!$A:$A,Data!$F:$F) -> 0.004307842 | F75: =D75-E75 -> 0.030934449 | G75: =F75/$I$26 -> 2.4097001 | H75: =IF(ABS(G75)<$B$6,"No","Yes") -> Yes | I75: =(1+I76)*(1+F75)-1 -> 0.049844382
A76: -1 | B76: =TEXT(WEEKDAY(C76),"ddd") -> Tue | C76: =OFFSET(Data!$A$1,$C$26-A76,0,1,1) -> 45251 | D76: =_xlfn.XLOOKUP(C76,Data!$A:$A,Data!$I:$I) -> 0 | E76: =$E$26+$F$26*_xlfn.XLOOKUP(C76,Data!$A:$A,Data!$F:$F) -> 0.00067245888 | F76: =D76-E76 -> -0.00067245888 | G76: =F76/$I$26 -> -0.052382514 | H76: =IF(ABS(G76)<$B$6,"No","Yes") -> No | I76: =(1+I77)*(1+F76)-1 -> 0.018342518
... A84: -9 | B84: =TEXT(WEEKDAY(C84),"ddd") -> Thu | C84: =OFFSET(Data!$A$1,$C$26-A84,0,1,1) -> 45239 | D84: =_xlfn.XLOOKUP(C84,Data!$A:$A,Data!$I:$I) -> 0.0064655172 | E84: =$E$26+$F$26*_xlfn.XLOOKUP(C84,Data!$A:$A,Data!$F:$F) -> -0.0021203065 | F84: =D84-E84 -> 0.0085858237 | G84: =F84/$I$26 -> 0.66880972 | H84: =IF(ABS(G84)<$B$6,"No","Yes") -> No | I84: =(1+I85)*(1+F84)-1 -> 0.047342489
A85: -10 | B85: =TEXT(WEEKDAY(C85),"ddd") -> Wed | C85: =OFFSET(Data!$A$1,$C$26-A85,0,1,1) -> 45238 | D85: =_xlfn.XLOOKUP(C85,Data!$A:$A,Data!$I:$I) -> 0.036176865 | E85: =$E$26+$F$26*_xlfn.XLOOKUP(C85,Data!$A:$A,Data!$F:$F) -> -0.0022498755 | F85: =D85-E85 -> 0.03842674 | G85: =F85/$I$26 -> 2.9933269 | H85: =IF(ABS(G85)<$B$6,"No","Yes") -> Yes | I85: =F85 -> 0.03842674
A87: Event 3 | B87: =E12 -> Iran first direct attack
A88: rel day | B88: weekday | C88: Date | D88: Actual | E88: Expected | F88: AR | G88: t-test | H88: Sig? | I88: CAR
A89: 10 | B89: =TEXT(WEEKDAY(C89),"ddd") -> Thu | C89: =OFFSET(Data!$A$1,$C$27-A89,0,1,1) -> 45414 | D89: =_xlfn.XLOOKUP(C89,Data!$A:$A,Data!$I:$I) -> 0 | E89: =$E$27+$F$27*_xlfn.XLOOKUP(C89,Data!$A:$A,Data!$F:$F) -> 0.00099425403 | F89: =D89-E89 -> -0.00099425403 | G89: =F89/$I$27 -> -0.07215002 | H89: =IF(ABS(G89)<$B$6,"No","Yes") -> No | I89: =(1+I90)*(1+F89)-1 -> -0.031214935
A90: 9 | B90: =TEXT(WEEKDAY(C90),"ddd") -> Wed | C90: =OFFSET(Data!$A$1,$C$27-A90,0,1,1) -> 45413 | D90: =_xlfn.XLOOKUP(C90,Data!$A:$A,Data!$I:$I) -> 0 | E90: =$E$27+$F$27*_xlfn.XLOOKUP(C90,Data!$A:$A,Data!$F:$F) -> -0.0016516578 | F90: =D90-E90 -> 0.0016516578 | G90: =F90/$I$27 -> 0.11985583 | H90: =IF(ABS(G90)<$B$6,"No","Yes") -> No | I90: =(1+I91)*(1+F90)-1 -> -0.030250758
A91: 8 | B91: =TEXT(WEEKDAY(C91),"ddd") -> Tue | C91: =OFFSET(Data!$A$1,$C$27-A91,0,1,1) -> 45412 | D91: =_xlfn.XLOOKUP(C91,Data!$A:$A,Data!$I:$I) -> 0 | E91: =$E$27+$F$27*_xlfn.XLOOKUP(C91,Data!$A:$A,Data!$F:$F) -> 0.0028859476 | F91: =D91-E91 -> -0.0028859476 | G91: =F91/$I$27 -> -0.20942452 | H91: =IF(ABS(G91)<$B$6,"No","Yes") -> No | I91: =(1+I92)*(1+F91)-1 -> -0.03184981
A92: 7 | B92: =TEXT(WEEKDAY(C92),"ddd") -> Thu | C92: =OFFSET(Data!$A$1,$C$27-A92,0,1,1) -> 45407 | D92: =_xlfn.XLOOKUP(C92,Data!$A:$A,Data!$I:$I) -> 0 | E92: =$E$27+$F$27*_xlfn.XLOOKUP(C92,Data!$A:$A,Data!$F:$F) -> -0.0014843026 | F92: =D92-E92 -> 0.0014843026 | G92: =F92/$I$27 -> 0.10771137 | H92: =IF(ABS(G92)<$B$6,"No","Yes") -> No | I92: =(1+I93)*(1+F92)-1 -> -0.029047693
A93: 6 | B93: =TEXT(WEEKDAY(C93),"ddd") -> Wed | C93: =OFFSET(Data!$A$1,$C$27-A93,0,1,1) -> 45406 | D93: =_xlfn.XLOOKUP(C93,Data!$A:$A,Data!$I:$I) -> 0 | E93: =$E$27+$F$27*_xlfn.XLOOKUP(C93,Data!$A:$A,Data!$F:$F) -> 0.00076715718 | F93: =D93-E93 -> -0.00076715718 | G93: =F93/$I$27 -> -0.055670286 | H93: =IF(ABS(G93)<$B$6,"No","Yes") -> No | I93: =(1+I94)*(1+F93)-1 -> -0.030486744
A94: 5 | B94: =TEXT(WEEKDAY(C94),"ddd") -> Sun | C94: =OFFSET(Data!$A$1,$C$27-A94,0,1,1) -> 45403 | D94: =_xlfn.XLOOKUP(C94,Data!$A:$A,Data!$I:$I) -> 0 | E94: =$E$27+$F$27*_xlfn.XLOOKUP(C94,Data!$A:$A,Data!$F:$F) -> 0.0030290964 | F94: =D94-E94 -> -0.0030290964 | G94: =F94/$I$27 -> -0.2198124 | H94: =IF(ABS(G94)<$B$6,"No","Yes") -> No | I94: =(1+I95)*(1+F94)-1 -> -0.029742404
A95: 4 | B95: =TEXT(WEEKDAY(C95),"ddd") -> Thu | C95: =OFFSET(Data!$A$1,$C$27-A95,0,1,1) -> 45400 | D95: =_xlfn.XLOOKUP(C95,Data!$A:$A,Data!$I:$I) -> 0 | E95: =$E$27+$F$27*_xlfn.XLOOKUP(C95,Data!$A:$A,Data!$F:$F) -> 0.0028071011 | F95: =D95-E95 -> -0.0028071011 | G95: =F95/$I$27 -> -0.20370287 | H95: =IF(ABS(G95)<$B$6,"No","Yes") -> No | I95: =(1+I96)*(1+F95)-1 -> -0.02679447
A96: 3 | B96: =TEXT(WEEKDAY(C96),"ddd") -> Wed | C96: =OFFSET(Data!$A$1,$C$27-A96,0,1,1) -> 45399 | D96: =_xlfn.XLOOKUP(C96,Data!$A:$A,Data!$I:$I) -> 0 | E96: =$E$27+$F$27*_xlfn.XLOOKUP(C96,Data!$A:$A,Data!$F:$F) -> -0.0022111846 | F96: =D96-E96 -> 0.0022111846 | G96: =F96/$I$27 -> 0.16045901 | H96: =IF(ABS(G96)<$B$6,"No","Yes") -> No | I96: =(1+I97)*(1+F96)-1 -> -0.024054894
A97: 2 | B97: =TEXT(WEEKDAY(C97),"ddd") -> Tue | C97: =OFFSET(Data!$A$1,$C$27-A97,0,1,1) -> 45398 | D97: =_xlfn.XLOOKUP(C97,Data!$A:$A,Data!$I:$I) -> 0 | E97: =$E$27+$F$27*_xlfn.XLOOKUP(C97,Data!$A:$A,Data!$F:$F) -> -0.00059554526 | F97: =D97-E97 -> 0.00059554526 | G97: =F97/$I$27 -> 0.043216926 | H97: =IF(ABS(G97)<$B$6,"No","Yes") -> No | I97: =(1+I98)*(1+F97)-1 -> -0.026208127
A98: 1 | B98: =TEXT(WEEKDAY(C98),"ddd") -> Mon | C98: =OFFSET(Data!$A$1,$C$27-A98,0,1,1) -> 45397 | D98: =_xlfn.XLOOKUP(C98,Data!$A:$A,Data!$I:$I) -> 0 | E98: =$E$27+$F$27*_xlfn.XLOOKUP(C98,Data!$A:$A,Data!$F:$F) -> -0.002268703 | F98: =D98-E98 -> 0.002268703 | G98: =F98/$I$27 -> 0.16463294 | H98: =IF(ABS(G98)<$B$6,"No","Yes") -> No | I98: =(1+I99)*(1+F98)-1 -> -0.026787719
A99: 0 | B99: =TEXT(WEEKDAY(C99),"ddd") -> Sun | C99: =OFFSET(Data!$A$1,$C$27-A99,0,1,1) -> 45396 | D99: =_xlfn.XLOOKUP(C99,Data!$A:$A,Data!$I:$I) -> 0 | E99: =$E$27+$F$27*_xlfn.XLOOKUP(C99,Data!$A:$A,Data!$F:$F) -> 0.00091444519 | F99: =D99-E99 -> -0.00091444519 | G99: =F99/$I$27 -> -0.066358533 | H99: =IF(ABS(G99)<$B$6,"No","Yes") -> No | I99: =(1+I100)*(1+F99)-1 -> -0.028990651
A100: -1 | B100: =TEXT(WEEKDAY(C100),"ddd") -> Thu | C100: =OFFSET(Data!$A$1,$C$27-A100,0,1,1) -> 45393 | D100: =_xlfn.XLOOKUP(C100,Data!$A:$A,Data!$I:$I) -> 0 | E100: =$E$27+$F$27*_xlfn.XLOOKUP(C100,Data!$A:$A,Data!$F:$F) -> -0.0036882839 | F100: =D100-E100 -> 0.0036882839 | G100: =F100/$I$27 -> 0.26764766 | H100: =IF(ABS(G100)<$B$6,"No","Yes") -> No | I100: =(1+I101)*(1+F100)-1 -> -0.028101904
... A108: -9 | B108: =TEXT(WEEKDAY(C108),"ddd") -> Mon | C108: =OFFSET(Data!$A$1,$C$27-A108,0,1,1) -> 45383 | D108: =_xlfn.XLOOKUP(C108,Data!$A:$A,Data!$I:$I) -> 0 | E108: =$E$27+$F$27*_xlfn.XLOOKUP(C108,Data!$A:$A,Data!$F:$F) -> -0.00041734778 | F108: =D108-E108 -> 0.00041734778 | G108: =F108/$I$27 -> 0.030285672 | H108: =IF(ABS(G108)<$B$6,"No","Yes") -> No | I108: =(1+I109)*(1+F108)-1 -> -0.00094486664
A109: -10 | B109: =TEXT(WEEKDAY(C109),"ddd") -> Sun | C109: =OFFSET(Data!$A$1,$C$27-A109,0,1,1) -> 45382 | D109: =_xlfn.XLOOKUP(C109,Data!$A:$A,Data!$I:$I) -> 0 | E109: =$E$27+$F$27*_xlfn.XLOOKUP(C109,Data!$A:$A,Data!$F:$F) -> 0.0013616461 | F109: =D109-E109 -> -0.0013616461 | G109: =F109/$I$27 -> -0.09881056 | H109: =IF(ABS(G109)<$B$6,"No","Yes") -> No | I109: =F109 -> -0.0013616461
A111: Event 4 | B111: =E13 -> Haniyeh assassinated in Tehran
A112: rel day | B112: weekday | C112: Date | D112: Actual | E112: Expected | F112: AR | G112: t-test | H112: Sig? | I112: CAR
A113: 10 | B113: =TEXT(WEEKDAY(C113),"ddd") -> Thu | C113: =OFFSET(Data!$A$1,$C$28-A113,0,1,1) -> 45519 | D113: =_xlfn.XLOOKUP(C113,Data!$A:$A,Data!$I:$I) -> 0 | E113: =$E$28+$F$28*_xlfn.XLOOKUP(C113,Data!$A:$A,Data!$F:$F) -> 0.0038015682 | F113: =D113-E113 -> -0.0038015682 | G113: =F113/$I$28 -> -0.28283593 | H113: =IF(ABS(G113)<$B$6,"No","Yes") -> No | I113: =(1+I114)*(1+F113)-1 -> 0.0031597398
A114: 9 | B114: =TEXT(WEEKDAY(C114),"ddd") -> Wed | C114: =OFFSET(Data!$A$1,$C$28-A114,0,1,1) -> 45518 | D114: =_xlfn.XLOOKUP(C114,Data!$A:$A,Data!$I:$I) -> 0 | E114: =$E$28+$F$28*_xlfn.XLOOKUP(C114,Data!$A:$A,Data!$F:$F) -> 0.0043669044 | F114: =D114-E114 -> -0.0043669044 | G114: =F114/$I$28 -> -0.32489684 | H114: =IF(ABS(G114)<$B$6,"No","Yes") -> No | I114: =(1+I115)*(1+F114)-1 -> 0.0069878729
A115: 8 | B115: =TEXT(WEEKDAY(C115),"ddd") -> Mon | C115: =OFFSET(Data!$A$1,$C$28-A115,0,1,1) -> 45516 | D115: =_xlfn.XLOOKUP(C115,Data!$A:$A,Data!$I:$I) -> 0.0020833333 | E115: =$E$28+$F$28*_xlfn.XLOOKUP(C115,Data!$A:$A,Data!$F:$F) -> -0.0038486505 | F115: =D115-E115 -> 0.0059319838 | G115: =F115/$I$28 -> 0.44133844 | H115: =IF(ABS(G115)<$B$6,"No","Yes") -> No | I115: =(1+I116)*(1+F115)-1 -> 0.01140458
A116: 7 | B116: =TEXT(WEEKDAY(C116),"ddd") -> Sun | C116: =OFFSET(Data!$A$1,$C$28-A116,0,1,1) -> 45515 | D116: =_xlfn.XLOOKUP(C116,Data!$A:$A,Data!$I:$I) -> -0.0049751244 | E116: =$E$28+$F$28*_xlfn.XLOOKUP(C116,Data!$A:$A,Data!$F:$F) -> 0.00057310598 | F116: =D116-E116 -> -0.0055482304 | G116: =F116/$I$28 -> -0.41278726 | H116: =IF(ABS(G116)<$B$6,"No","Yes") -> No | I116: =(1+I117)*(1+F116)-1 -> 0.0054403243
A117: 6 | B117: =TEXT(WEEKDAY(C117),"ddd") -> Thu | C117: =OFFSET(Data!$A$1,$C$28-A117,0,1,1) -> 45512 | D117: =_xlfn.XLOOKUP(C117,Data!$A:$A,Data!$I:$I) -> 0 | E117: =$E$28+$F$28*_xlfn.XLOOKUP(C117,Data!$A:$A,Data!$F:$F) -> 0.0031600441 | F117: =D117-E117 -> -0.0031600441 | G117: =F117/$I$28 -> -0.23510666 | H117: =IF(ABS(G117)<$B$6,"No","Yes") -> No | I117: =(1+I118)*(1+F117)-1 -> 0.011049862
A118: 5 | B118: =TEXT(WEEKDAY(C118),"ddd") -> Wed | C118: =OFFSET(Data!$A$1,$C$28-A118,0,1,1) -> 45511 | D118: =_xlfn.XLOOKUP(C118,Data!$A:$A,Data!$I:$I) -> 0 | E118: =$E$28+$F$28*_xlfn.XLOOKUP(C118,Data!$A:$A,Data!$F:$F) -> 0.0043627282 | F118: =D118-E118 -> -0.0043627282 | G118: =F118/$I$28 -> -0.32458613 | H118: =IF(ABS(G118)<$B$6,"No","Yes") -> No | I118: =(1+I119)*(1+F118)-1 -> 0.014254952
A119: 4 | B119: =TEXT(WEEKDAY(C119),"ddd") -> Tue | C119: =OFFSET(Data!$A$1,$C$28-A119,0,1,1) -> 45510 | D119: =_xlfn.XLOOKUP(C119,Data!$A:$A,Data!$I:$I) -> 0.0020772746 | E119: =$E$28+$F$28*_xlfn.XLOOKUP(C119,Data!$A:$A,Data!$F:$F) -> 0.0037755176 | F119: =D119-E119 -> -0.001698243 | G119: =F119/$I$28 -> -0.12634895 | H119: =IF(ABS(G119)<$B$6,"No","Yes") -> No | I119: =(1+I120)*(1+F119)-1 -> 0.01869926
A120: 3 | B120: =TEXT(WEEKDAY(C120),"ddd") -> Mon | C120: =OFFSET(Data!$A$1,$C$28-A120,0,1,1) -> 45509 | D120: =_xlfn.XLOOKUP(C120,Data!$A:$A,Data!$I:$I) -> -0.0037251656 | E120: =$E$28+$F$28*_xlfn.XLOOKUP(C120,Data!$A:$A,Data!$F:$F) -> -0.0023229392 | F120: =D120-E120 -> -0.0014022264 | G120: =F120/$I$28 -> -0.10432537 | H120: =IF(ABS(G120)<$B$6,"No","Yes") -> No | I120: =(1+I121)*(1+F120)-1 -> 0.020432202
A121: 2 | B121: =TEXT(WEEKDAY(C121),"ddd") -> Sun | C121: =OFFSET(Data!$A$1,$C$28-A121,0,1,1) -> 45508 | D121: =_xlfn.XLOOKUP(C121,Data!$A:$A,Data!$I:$I) -> 0 | E121: =$E$28+$F$28*_xlfn.XLOOKUP(C121,Data!$A:$A,Data!$F:$F) -> -0.0059300139 | F121: =D121-E121 -> 0.0059300139 | G121: =F121/$I$28 -> 0.44119188 | H121: =IF(ABS(G121)<$B$6,"No","Yes") -> No | I121: =(1+I122)*(1+F121)-1 -> 0.021865088
A122: 1 | B122: =TEXT(WEEKDAY(C122),"ddd") -> Thu | C122: =OFFSET(Data!$A$1,$C$28-A122,0,1,1) -> 45505 | D122: =_xlfn.XLOOKUP(C122,Data!$A:$A,Data!$I:$I) -> 0.0012432656 | E122: =$E$28+$F$28*_xlfn.XLOOKUP(C122,Data!$A:$A,Data!$F:$F) -> -0.0040731071 | F122: =D122-E122 -> 0.0053163728 | G122: =F122/$I$28 -> 0.3955371 | H122: =IF(ABS(G122)<$B$6,"No","Yes") -> No | I122: =(1+I123)*(1+F122)-1 -> 0.015841136
A123: 0 | B123: =TEXT(WEEKDAY(C123),"ddd") -> Wed | C123: =OFFSET(Data!$A$1,$C$28-A123,0,1,1) -> 45504 | D123: =_xlfn.XLOOKUP(C123,Data!$A:$A,Data!$I:$I) -> 0 | E123: =$E$28+$F$28*_xlfn.XLOOKUP(C123,Data!$A:$A,Data!$F:$F) -> 0.00030737519 | F123: =D123-E123 -> -0.00030737519 | G123: =F123/$I$28 -> -0.022868655 | H123: =IF(ABS(G123)<$B$6,"No","Yes") -> No | I123: =(1+I124)*(1+F123)-1 -> 0.010469106
A124: -1 | B124: =TEXT(WEEKDAY(C124),"ddd") -> Tue | C124: =OFFSET(Data!$A$1,$C$28-A124,0,1,1) -> 45503 | D124: =_xlfn.XLOOKUP(C124,Data!$A:$A,Data!$I:$I) -> 0 | E124: =$E$28+$F$28*_xlfn.XLOOKUP(C124,Data!$A:$A,Data!$F:$F) -> -0.0023097374 | F124: =D124-E124 -> 0.0023097374 | G124: =F124/$I$28 -> 0.17184401 | H124: =IF(ABS(G124)<$B$6,"No","Yes") -> No | I124: =(1+I125)*(1+F124)-1 -> 0.010779794
... A132: -9 | B132: =TEXT(WEEKDAY(C132),"ddd") -> Thu | C132: =OFFSET(Data!$A$1,$C$28-A132,0,1,1) -> 45491 | D132: =_xlfn.XLOOKUP(C132,Data!$A:$A,Data!$I:$I) -> -0.0004145937 | E132: =$E$28+$F$28*_xlfn.XLOOKUP(C132,Data!$A:$A,Data!$F:$F) -> -0.0011887976 | F132: =D132-E132 -> 0.00077420391 | G132: =F132/$I$28 -> 0.05760062 | H132: =IF(ABS(G132)<$B$6,"No","Yes") -> No | I132: =(1+I133)*(1+F132)-1 -> 0.0023119012
A133: -10 | B133: =TEXT(WEEKDAY(C133),"ddd") -> Wed | C133: =OFFSET(Data!$A$1,$C$28-A133,0,1,1) -> 45490 | D133: =_xlfn.XLOOKUP(C133,Data!$A:$A,Data!$I:$I) -> 0 | E133: =$E$28+$F$28*_xlfn.XLOOKUP(C133,Data!$A:$A,Data!$F:$F) -> -0.0015365077 | F133: =D133-E133 -> 0.0015365077 | G133: =F133/$I$28 -> 0.11431587 | H133: =IF(ABS(G133)<$B$6,"No","Yes") -> No | I133: =F133 -> 0.0015365077
A135: Event 5 | B135: =E14 -> Iran second attack (~180 missiles)
A136: rel day | B136: weekday | C136: Date | D136: Actual | E136: Expected | F136: AR | G136: t-test | H136: Sig? | I136: CAR
...

Sheet Cross sectional
A1: Date | B1: TA125_Ret | C1: Fattal_Ret | D1: Isrotel_Ret | E1: Dan_Ret | G1: Event Study — Cross-Sectional AAR / CAAR (Security escalation +/- de-escalation) | AS1: Positive group (de-escalation) | BA1: Negative group (escalation)
A2: =Data!A2 -> 46142 | B2: =Data!F2 -> 0.00034319636 | C2: =Data!G2 -> 0.002728513 | D2: =Data!H2 -> -0.00064935065 | E2: =Data!I2 -> -0.041549296 | G2: Event # | H2: 1 | I2: 1 | J2: 1 | K2: 2 | L2: 2 | M2: 2 | N2: 3 | O2: 3 | P2: 3 | Q2: 4 | R2: 4 | S2: 4 | T2: 5 | U2: 5 | V2: 5 | W2: 6 | X2: 6 | Y2: 6 | Z2: 7 | AA2: 7 | AB2: 7 | AC2: 8 | AD2: 8 | AE2: 8 | AF2: 9 | AG2: 9 | AH2: 9 | AI2: 10 | AJ2: 10 | AK2: 10 | AL2: 11 | AM2: 11 | AN2: 11 | AO2: 12 | AP2: 12 | AQ2: 12 | AS2: rel day | AT2: AAR | AU2: cross-sec SE | AV2: t-stat | AW2: Sig? | AX2: CAAR | AY2: n | BA2: rel day | BB2: AAR | BC2: cross-sec SE | BD2: t-stat | BE2: Sig? | BF2: CAAR | BG2: n
A3: =Data!A3 -> 46141 | B3: =Data!F3 -> 0.012818766 | C3: =Data!G3 -> 0.0013661202 | D3: =Data!H3 -> 0 | E3: =Data!I3 -> -0.010452962 | G3: t=0 | H3: =Fattal!B25 -> 45207 | I3: =Isrotel!B25 -> 45207 | J3: =Dan!B25 -> 45207 | K3: =Fattal!B26 -> 45252 | L3: =Isrotel!B26 -> 45252 | M3: =Dan!B26 -> 45252 | N3: =Fattal!B27 -> 45396 | O3: =Isrotel!B27 -> 45396 | P3: =Dan!B27 -> 45396 | Q3: =Fattal!B28 -> 45504 | R3: =Isrotel!B28 -> 45504 | S3: =Dan!B28 -> 45504 | T3: =Fattal!B29 -> 45571 | U3: =Isrotel!B29 -> 45571 | V3: =Dan!B29 -> 45571 | W3: =Fattal!B30 -> 45623 | X3: =Isrotel!B30 -> 45623 | Y3: =Dan!B30 -> 45623 | Z3: =Fattal!B31 -> 45672 | AA3: =Isrotel!B31 -> 45672 | AB3: =Dan!B31 -> 45672 | AC3: =Fattal!B32 -> 45789 | AD3: =Isrotel!B32 -> 45789 | AE3: =Dan!B32 -> 45789 | AF3: =Fattal!B33 -> 45823 | AG3: =Isrotel!B33 -> 45823 | AH3: =Dan!B33 -> 45823 | AI3: =Fattal!B34 -> 45939 | AJ3: =Isrotel!B34 -> 45939 | AK3: =Dan!B34 -> 45939 | AL3: =Fattal!B35 -> 46083 | AM3: =Isrotel!B35 -> 46083 | AN3: =Dan!B35 -> 46083 | AO3: =Fattal!B36 -> 46121 | AP3: =Isrotel!B36 -> 46121 | AQ3: =Dan!B36 -> 46121 | AS3: 10 | AT3: =AVERAGEIF($H$5:$AQ$5,"+",$H13:$AQ13) -> 0.0072230143 | AU3: {=SQRT(SUMPRODUCT(($H$5:$AQ$5="+")*($H13:$AQ13-AT3)^2)/(AY3-1))/SQRT(AY3)} -> 0.0032188252 | AV3: =AT3/AU3 -> 2.2439909 | AW3: =IF(ABS(AV3)<1.96,"No","Yes") -> Yes | AX3: =(1+AX4)*(1+AT3)-1 -> 0.027065876 | AY3: =COUNTIF($H$5:$AQ$5,"+") -> 18 | BA3: 10 | BB3: =AVERAGEIF($H$5:$AQ$5,"-",$H13:$AQ13) -> 0.0033846766 | BC3: {=SQRT(SUMPRODUCT(($H$5:$AQ$5="-")*($H13:$AQ13-BB3)^2)/(BG3-1))/SQRT(BG3)} -> 0.0043448473 | BD3: =BB3/BC3 -> 0.77900933 | BE3: =IF(ABS(BD3)<1.96,"No","Yes") -> No | BF3: =(1+BF4)*(1+BB3)-1 -> -0.017506627 | BG3: =COUNTIF($H$5:$AQ$5,"-") -> 18
A4: =Data!A4 -> 46140 | B4: =Data!F4 -> -0.0031139373 | C4: =Data!G4 -> -0.003403676 | D4: =Data!H4 -> -0.012820513 | E4: =Data!I4 -> -0.010344828 | G4: Stock | H4: Fattal | I4: Isrotel | J4: Dan | K4: Fattal | L4: Isrotel | M4: Dan | N4: Fattal | O4: Isrotel | P4: Dan | Q4: Fattal | R4: Isrotel | S4: Dan | T4: Fattal | U4: Isrotel | V4: Dan | W4: Fattal | X4: Isrotel | Y4: Dan | Z4: Fattal | AA4: Isrotel | AB4: Dan | AC4: Fattal | AD4: Isrotel | AE4: Dan | AF4: Fattal | AG4: Isrotel | AH4: Dan | AI4: Fattal | AJ4: Isrotel | AK4: Dan | AL4: Fattal | AM4: Isrotel | AN4: Dan | AO4: Fattal | AP4: Isrotel | AQ4: Dan | AS4: 9 | AT4: =AVERAGEIF($H$5:$AQ$5,"+",$H14:$AQ14) -> 0.001577965 | AU4: {=SQRT(SUMPRODUCT(($H$5:$AQ$5="+")*($H14:$AQ14-AT4)^2)/(AY4-1))/SQRT(AY4)} -> 0.0047197801 | AV4: =AT4/AU4 -> 0.33433018 | AW4: =IF(ABS(AV4)<1.96,"No","Yes") -> No | AX4: =(1+AX5)*(1+AT4)-1 -> 0.019700565 | AY4: =COUNTIF($H$5:$AQ$5,"+") -> 18 | BA4: 9 | BB4: =AVERAGEIF($H$5:$AQ$5,"-",$H14:$AQ14) -> -0.00026333133 | BC4: {=SQRT(SUMPRODUCT(($H$5:$AQ$5="-")*($H14:$AQ14-BB4)^2)/(BG4-1))/SQRT(BG4)} -> 0.0039345219 | BD4: =BB4/BC4 -> -0.066928418 | BE4: =IF(ABS(BD4)<1.96,"No","Yes") -> No | BF4: =(1+BF5)*(1+BB4)-1 -> -0.020820832 | BG4: =COUNTIF($H$5:$AQ$5,"-") -> 18
A5: =Data!A5 -> 46139 | B5: =Data!F5 -> -0.00080242365 | C5: =Data!G5 -> 0.035236082 | D5: =Data!H5 -> 0.011017498 | E5: =Data!I5 -> 0 | G5: Sign | H5: - | I5: - | J5: - | K5: + | L5: + | M5: + | N5: - | O5: - | P5: - | Q5: - | R5: - | S5: - | T5: - | U5: - | V5: - | W5: + | X5: + | Y5: + | Z5: + | AA5: + | AB5: + | AC5: + | AD5: + | AE5: + | AF5: - | AG5: - | AH5: - | AI5: + | AJ5: + | AK5: + | AL5: - | AM5: - | AN5: - | AO5: + | AP5: + | AQ5: + | AS5: 8 | AT5: =AVERAGEIF($H$5:$AQ$5,"+",$H15:$AQ15) -> 0.0062425793 | AU5: {=SQRT(SUMPRODUCT(($H$5:$AQ$5="+")*($H15:$AQ15-AT5)^2)/(AY5-1))/SQRT(AY5)} -> 0.0030801467 | AV5: =AT5/AU5 -> 2.026715 | AW5: =IF(ABS(AV5)<1.96,"No","Yes") -> Yes | AX5: =(1+AX6)*(1+AT5)-1 -> 0.018094048 | AY5: =COUNTIF($H$5:$AQ$5,"+") -> 18 | BA5: 8 | BB5: =AVERAGEIF($H$5:$AQ$5,"-",$H15:$AQ15) -> 0.0048856839 | BC5: {=SQRT(SUMPRODUCT(($H$5:$AQ$5="-")*($H15:$AQ15-BB5)^2)/(BG5-1))/SQRT(BG5)} -> 0.004519707 | BD5: =BB5/BC5 -> 1.0809736 | BE5: =IF(ABS(BD5)<1.96,"No","Yes") -> No | BF5: =(1+BF6)*(1+BB5)-1 -> -0.020562915 | BG5: =COUNTIF($H$5:$AQ$5,"-") -> 18
A6: =Data!A6 -> 46136 | B6: =Data!F6 -> -0.012361225 | C6: =Data!G6 -> -0.010460251 | D6: =Data!H6 -> -0.019071837 | E6: =Data!I6 -> 0.0017271157 | AS6: 7 | AT6: =AVERAGEIF($H$5:$AQ$5,"+",$H16:$AQ16) -> -0.00087016891 | AU6: {=SQRT(SUMPRODUCT(($H$5:$AQ$5="+")*($H16:$AQ16-AT6)^2)/(AY6-1))/SQRT(AY6)} -> 0.0033700091 | AV6: =AT6/AU6 -> -0.25820966 | AW6: =IF(ABS(AV6)<1.96,"No","Yes") -> No | AX6: =(1+AX7)*(1+AT6)-1 -> 0.011777944 | AY6: =COUNTIF($H$5:$AQ$5,"+") -> 18 | BA6: 7 | BB6: =AVERAGEIF($H$5:$AQ$5,"-",$H16:$AQ16) -> 0.0033629404 | BC6: {=SQRT(SUMPRODUCT(($H$5:$AQ$5="-")*($H16:$AQ16-BB6)^2)/(BG6-1))/SQRT(BG6)} -> 0.0058829281 | BD6: =BB6/BC6 -> 0.57164398 | BE6: =IF(ABS(BD6)<1.96,"No","Yes") -> No | BF6: =(1+BF7)*(1+BB6)-1 -> -0.02532487 | BG6: =COUNTIF($H$5:$AQ$5,"-") -> 18
A7: =Data!A7 -> 46135 | B7: =Data!F7 -> 4.1590898e-05 | C7: =Data!G7 -> 0.019914651 | D7: =Data!H7 -> -0.0069444444 | E7: =Data!I7 -> -0.00069036935 | G7: Event point | H7: =Fattal!C25 -> 630 | I7: =Isrotel!C25 -> 630 | J7: =Dan!C25 -> 630 | K7: =Fattal!C26 -> 597 | L7: =Isrotel!C26 -> 597 | M7: =Dan!C26 -> 597 | N7: =Fattal!C27 -> 497 | O7: =Isrotel!C27 -> 497 | P7: =Dan!C27 -> 497 | Q7: =Fattal!C28 -> 427 | R7: =Isrotel!C28 -> 427 | S7: =Dan!C28 -> 427 | T7: =Fattal!C29 -> 383 | U7: =Isrotel!C29 -> 383 | V7: =Dan!C29 -> 383 | W7: =Fattal!C30 -> 349 | X7: =Isrotel!C30 -> 349 | Y7: =Dan!C30 -> 349 | Z7: =Fattal!C31 -> 314 | AA7: =Isrotel!C31 -> 314 | AB7: =Dan!C31 -> 314 | AC7: =Fattal!C32 -> 234 | AD7: =Isrotel!C32 -> 234 | AE7: =Dan!C32 -> 234 | AF7: =Fattal!C33 -> 212 | AG7: =Isrotel!C33 -> 212 | AH7: =Dan!C33 -> 212 | AI7: =Fattal!C34 -> 136 | AJ7: =Isrotel!C34 -> 136 | AK7: =Dan!C34 -> 136 | AL7: =Fattal!C35 -> 37 | AM7: =Isrotel!C35 -> 37 | AN7: =Dan!C35 -> 37 | AO7: =Fattal!C36 -> 14 | AP7: =Isrotel!C36 -> 14 | AQ7: =Dan!C36 -> 14 | AS7: 6 | AT7: =AVERAGEIF($H$5:$AQ$5,"+",$H17:$AQ17) -> -0.00063592463 | AU7: {=SQRT(SUMPRODUCT(($H$5:$AQ$5="+")*($H17:$AQ17-AT7)^2)/(AY7-1))/SQRT(AY7)} -> 0.0052787131 | AV7: =AT7/AU7 -> -0.12046963 | AW7: =IF(ABS(AV7)<1.96,"No","Yes") -> No | AX7: =(1+AX8)*(1+AT7)-1 -> 0.012659128 | AY7: =COUNTIF($H$5:$AQ$5,"+") -> 18 | BA7: 6 | BB7: =AVERAGEIF($H$5:$AQ$5,"-",$H17:$AQ17) -> -0.0043954893 | BC7: {=SQRT(SUMPRODUCT(($H$5:$AQ$5="-")*($H17:$AQ17-BB7)^2)/(BG7-1))/SQRT(BG7)} -> 0.0045213276 | BD7: =BB7/BC7 -> -0.97216782 | BE7: =IF(ABS(BD7)<1.96,"No","Yes") -> No | BF7: =(1+BF8)*(1+BB7)-1 -> -0.028591658 | BG7: =COUNTIF($H$5:$AQ$5,"-") -> 18
A8: =Data!A8 -> 46132 | B8: =Data!F8 -> 0.0043722137 | C8: =Data!G8 -> 0.0129683 | D8: =Data!H8 -> 0.010204082 | E8: =Data!I8 -> 0 | G8: a | H8: =Fattal!E25 -> 0.00028642491 | I8: =Isrotel!E25 -> -0.0012110107 | J8: =Dan!E25 -> -0.00049567691 | K8: =Fattal!E26 -> 0.0011347158 | L8: =Isrotel!E26 -> -0.00098359429 | M8: =Dan!E26 -> -0.00073523555 | N8: =Fattal!E27 -> 0.0011870735 | O8: =Isrotel!E27 -> 0.00067932195 | P8: =Dan!E27 -> 0.00018098926 | Q8: =Fattal!E28 -> 1.2483265e-05 | R8: =Isrotel!E28 -> 5.7920211e-05 | S8: =Dan!E28 -> -0.00016159767 | T8: =Fattal!E29 -> 0.00015708143 | U8: =Isrotel!E29 -> -7.0571051e-05 | V8: =Dan!E29 -> -3.0717479e-05 | W8: =Fattal!E30 -> -0.00014222531 | X8: =Isrotel!E30 -> -0.00015956978 | Y8: =Dan!E30 -> 0.00024884628 | Z8: =Fattal!E31 -> -0.00019690886 | AA8: =Isrotel!E31 -> 0.00018442855 | AB8: =Dan!E31 -> 0.000254578 | AC8: =Fattal!E32 -> -0.0007467555 | AD8: =Isrotel!E32 -> -0.001197695 | AE8: =Dan!E32 -> -0.00015373291 | AF8: =Fattal!E33 -> -0.0003824267 | AG8: =Isrotel!E33 -> -0.00087320992 | AH8: =Dan!E33 -> -0.00010009684 | AI8: =Fattal!E34 -> -0.00082260592 | AJ8: =Isrotel!E34 -> 0.00058771904 | AK8: =Dan!E34 -> -0.00036793553 | AL8: =Fattal!E35 -> -0.00099985744 | AM8: =Isrotel!E35 -> 0.0011984016 | AN8: =Dan!E35 -> 0.001105731 | AO8: =Fattal!E36 -> -0.00096423103 | AP8: =Isrotel!E36 -> 0.00092044387 | AQ8: =Dan!E36 -> 0.00076649658 | AS8: 5 | AT8: =AVERAGEIF($H$5:$AQ$5,"+",$H18:$AQ18) -> -0.00066526432 | AU8: {=SQRT(SUMPRODUCT(($H$5:$AQ$5="+")*($H18:$AQ18-AT8)^2)/(AY8-1))/SQRT(AY8)} -> 0.0041219062 | AV8: =AT8/AU8 -> -0.16139725 | AW8: =IF(ABS(AV8)<1.96,"No","Yes") -> No | AX8: =(1+AX9)*(1+AT8)-1 -> 0.013303513 | AY8: =COUNTIF($H$5:$AQ$5,"+") -> 18 | BA8: 5 | BB8: =AVERAGEIF($H$5:$AQ$5,"-",$H18:$AQ18) -> 0.0004999882 | BC8: {=SQRT(SUMPRODUCT(($H$5:$AQ$5="-")*($H18:$AQ18-BB8)^2)/(BG8-1))/SQRT(BG8)} -> 0.0027146463 | BD8: =BB8/BC8 -> 0.18418171 | BE8: =IF(ABS(BD8)<1.96,"No","Yes") -> No | BF8: =(1+BF9)*(1+BB8)-1 -> -0.024302992 | BG8: =COUNTIF($H$5:$AQ$5,"-") -> 18
A9: =Data!A9 -> 46129 | B9: =Data!F9 -> 0.010591317 | C9: =Data!G9 -> 0.032738095 | D9: =Data!H9 -> 0.042553191 | E9: =Data!I9 -> 0.0052047189 | G9: b1 | H9: =Fattal!F25 -> 1.4028615 | I9: =Isrotel!F25 -> 0.20242167 | J9: =Dan!F25 -> 0.11154208 | K9: =Fattal!F26 -> 1.3515287 | L9: =Isrotel!F26 -> 0.32767133 | M9: =Dan!F26 -> 0.22071894 | N9: =Fattal!F27 -> 1.1217334 | O9: =Isrotel!F27 -> 0.43617163 | P9: =Dan!F27 -> 0.23559377 | Q9: =Fattal!F28 -> 1.1850264 | R9: =Isrotel!F28 -> 0.52546814 | S9: =Dan!F28 -> 0.25415525 | T9: =Fattal!F29 -> 1.2128881 | U9: =Isrotel!F29 -> 0.67927325 | V9: =Dan!F29 -> 0.18775614 | W9: =Fattal!F30 -> 1.2857621 | X9: =Isrotel!F30 -> 0.73853276 | Y9: =Dan!F30 -> 0.065817921 | Z9: =Fattal!F31 -> 1.2085727 | AA9: =Isrotel!F31 -> 0.73870749 | AB9: =Dan!F31 -> 0.051232162 | AC9: =Fattal!F32 -> 1.112002 | AD9: =Isrotel!F32 -> 0.80039724 | AE9: =Dan!F32 -> 0.17186973 | AF9: =Fattal!F33 -> 1.1191461 | AG9: =Isrotel!F33 -> 0.87301138 | AH9: =Dan!F33 -> 0.19999511 | AI9: =Fattal!F34 -> 1.0944115 | AJ9: =Isrotel!F34 -> 0.9953579 | AK9: =Dan!F34 -> 0.45472165 | AL9: =Fattal!F35 -> 1.0400682 | AM9: =Isrotel!F35 -> 0.82484742 | AN9: =Dan!F35 -> 0.43279233 | AO9: =Fattal!F36 -> 1.0115585 | AP9: =Isrotel!F36 -> 0.86729297 | AQ9: =Dan!F36 -> 0.36440499 | AS9: 4 | AT9: =AVERAGEIF($H$5:$AQ$5,"+",$H19:$AQ19) -> 0.0067027674 | AU9: {=SQRT(SUMPRODUCT(($H$5:$AQ$5="+")*($H19:$AQ19-AT9)^2)/(AY9-1))/SQRT(AY9)} -> 0.0042128738 | AV9: =AT9/AU9 -> 1.5910202 | AW9: =IF(ABS(AV9)<1.96,"No","Yes") -> No | AX9: =(1+AX10)*(1+AT9)-1 -> 0.013978076 | AY9: =COUNTIF($H$5:$AQ$5,"+") -> 18 | BA9: 4 | BB9: =AVERAGEIF($H$5:$AQ$5,"-",$H19:$AQ19) -> -0.0019703497 | BC9: {=SQRT(SUMPRODUCT(($H$5:$AQ$5="-")*($H19:$AQ19-BB9)^2)/(BG9-1))/SQRT(BG9)} -> 0.0040259556 | BD9: =BB9/BC9 -> -0.48941169 | BE9: =IF(ABS(BD9)<1.96,"No","Yes") -> No | BF9: =(1+BF10)*(1+BB9)-1 -> -0.024790586 | BG9: =COUNTIF($H$5:$AQ$5,"-") -> 18
A10: =Data!A10 -> 46128 | B10: =Data!F10 -> -0.010895788 | C10: =Data!G10 -> -0.0098718138 | D10: =Data!H10 -> -0.025906736 | E10: =Data!I10 -> -0.042524917 | G10: sey | H10: =Fattal!I25 -> 0.018253549 | I10: =Isrotel!I25 -> 0.017755405 | J10: =Dan!I25 -> 0.01176835 | K10: =Fattal!I26 -> 0.017779338 | L10: =Isrotel!I26 -> 0.018130911 | M10: =Dan!I26 -> 0.012837469 | N10: =Fattal!I27 -> 0.015674184 | O10: =Isrotel!I27 -> 0.018851355 | P10: =Dan!I27 -> 0.013780371 | Q10: =Fattal!I28 -> 0.014435731 | R10: =Isrotel!I28 -> 0.015338251 | S10: =Dan!I28 -> 0.013440895 | T10: =Fattal!I29 -> 0.014684599 | U10: =Isrotel!I29 -> 0.016012595 | V10: =Dan!I29 -> 0.012824566 | W10: =Fattal!I30 -> 0.014930032 | X10: =Isrotel!I30 -> 0.015991545 | Y10: =Dan!I30 -> 0.011748483 | Z10: =Fattal!I31 -> 0.014935076 | AA10: =Isrotel!I31 -> 0.01617478 | AB10: =Dan!I31 -> 0.010941814 | AC10: =Fattal!I32 -> 0.016032163 | AD10: =Isrotel!I32 -> 0.015805794 | AE10: =Dan!I32 -> 0.013758419 | AF10: =Fattal!I33 -> 0.015880047 | AG10: =Isrotel!I33 -> 0.016170578 | AH10: =Dan!I33 -> 0.014625995 | AI10: =Fattal!I34 -> 0.015956258 | AJ10: =Isrotel!I34 -> 0.020178646 | AK10: =Dan!I34 -> 0.017517363 | AL10: =Fattal!I35 -> 0.015699861 | AM10: =Isrotel!I35 -> 0.023125207 | AN10: =Dan!I35 -> 0.018225817 | AO10: =Fattal!I36 -> 0.016206939 | AP10: =Isrotel!I36 -> 0.023560232 | AQ10: =Dan!I36 -> 0.018606273 | AS10: 3 | AT10: =AVERAGEIF($H$5:$AQ$5,"+",$H20:$AQ20) -> 0.0051279991 | AU10: {=SQRT(SUMPRODUCT(($H$5:$AQ$5="+")*($H20:$AQ20-AT10)^2)/(AY10-1))/SQRT(AY10)} -> 0.0044317174 | AV10: =AT10/AU10 -> 1.1571133 | AW10: =IF(ABS(AV10)<1.96,"No","Yes") -> No | AX10: =(1+AX11)*(1+AT10)-1 -> 0.0072268689 | AY10: =COUNTIF($H$5:$AQ$5,"+") -> 18 | BA10: 3 | BB10: =AVERAGEIF($H$5:$AQ$5,"-",$H20:$AQ20) -> -0.006693558 | BC10: {=SQRT(SUMPRODUCT(($H$5:$AQ$5="-")*($H20:$AQ20-BB10)^2)/(BG10-1))/SQRT(BG10)} -> 0.0034880449 | BD10: =BB10/BC10 -> -1.919 | BE10: =IF(ABS(BD10)<1.96,"No","Yes") -> No | BF10: =(1+BF11)*(1+BB10)-1 -> -0.022865289 | BG10: =COUNTIF($H$5:$AQ$5,"-") -> 18
A11: =Data!A11 -> 46127 | B11: =Data!F11 -> -0.0055915923 | C11: =Data!G11 -> 0.029893778 | D11: =Data!H11 -> -0.01025641 | E11: =Data!I11 -> 0 | AS11: 2 | AT11: =AVERAGEIF($H$5:$AQ$5,"+",$H21:$AQ21) -> -0.0023146533 | AU11: {=SQRT(SUMPRODUCT(($H$5:$AQ$5="+")*($H21:$AQ21-AT11)^2)/(AY11-1))/SQRT(AY11)} -> 0.0053320912 | AV11: =AT11/AU11 -> -0.4340986 | AW11: =IF(ABS(AV11)<1.96,"No","Yes") -> No | AX11: =(1+AX12)*(1+AT11)-1 -> 0.0020881617 | AY11: =COUNTIF($H$5:$AQ$5,"+") -> 18 | BA11: 2 | BB11: =AVERAGEIF($H$5:$AQ$5,"-",$H21:$AQ21) -> 0.0034676115 | BC11: {=SQRT(SUMPRODUCT(($H$5:$AQ$5="-")*($H21:$AQ21-BB11)^2)/(BG11-1))/SQRT(BG11)} -> 0.0052854183 | BD11: =BB11/BC11 -> 0.65607134 | BE11: =IF(ABS(BD11)<1.96,"No","Yes") -> No | BF11: =(1+BF12)*(1+BB11)-1 -> -0.016280706 | BG11: =COUNTIF($H$5:$AQ$5,"-") -> 18
A12: =Data!A12 -> 46126 | B12: =Data!F12 -> 0.014518937 | C12: =Data!G12 -> 0.057784912 | D12: =Data!H12 -> 0.019607843 | E12: =Data!I12 -> 0 | G12: rel \ AR | AS12: 1 | AT12: =AVERAGEIF($H$5:$AQ$5,"+",$H22:$AQ22) -> -0.00011551274 | AU12: {=SQRT(SUMPRODUCT(($H$5:$AQ$5="+")*($H22:$AQ22-AT12)^2)/(AY12-1))/SQRT(AY12)} -> 0.0043037627 | AV12: =AT12/AU12 -> -0.026839943 | AW12: =IF(ABS(AV12)<1.96,"No","Yes") -> No | AX12: =(1+AX13)*(1+AT12)-1 -> 0.0044130297 | AY12: =COUNTIF($H$5:$AQ$5,"+") -> 18 | BA12: 1 | BB12: =AVERAGEIF($H$5:$AQ$5,"-",$H22:$AQ22) -> -0.0024080626 | BC12: {=SQRT(SUMPRODUCT(($H$5:$AQ$5="-")*($H22:$AQ22-BB12)^2)/(BG12-1))/SQRT(BG12)} -> 0.0046583957 | BD12: =BB12/BC12 -> -0.51692961 | BE12: =IF(ABS(BD12)<1.96,"No","Yes") -> No | BF12: =(1+BF13)*(1+BB12)-1 -> -0.019680075 | BG12: =COUNTIF($H$5:$AQ$5,"-") -> 18
A13: =Data!A13 -> 46125 | B13: =Data!F13 -> -0.014456653 | C13: =Data!G13 -> -0.017040076 | D13: =Data!H13 -> -0.0097087379 | E13: =Data!I13 -> 0 | G13: 10 | H13: =_xlfn.XLOOKUP(OFFSET(Data!$A$1,H$7-$G13,0,1,1),Data!$A:$A,Data!$G:$G)-(H$8+H$9*_xlfn.XLOOKUP(OFFSET(Data!$A$1,H$7-$G13,0,1,1),Data!$A:$A,Data!$F:$F)) -> 0.021362201 | I13: =_xlfn.XLOOKUP(OFFSET(Data!$A$1,I$7-$G13,0,1,1),Data!$A:$A,Data!$H:$H)-(I$8+I$9*_xlfn.XLOOKUP(OFFSET(Data!$A$1,I$7-$G13,0,1,1),Data!$A:$A,Data!$F:$F)) -> 0.020099974 | J13: =_xlfn.XLOOKUP(OFFSET(Data!$A$1,J$7-$G13,0,1,1),Data!$A:$A,Data!$I:$I)-(J$8+J$9*_xlfn.XLOOKUP(OFFSET(Data!$A$1,J$7-$G13,0,1,1),Data!$A:$A,Data!$F:$F)) -> 0.020937782 | K13: =_xlfn.XLOOKUP(OFFSET(Data!$A$1,K$7-$G13,0,1,1),Data!$A:$A,Data!$G:$G)-(K$8+K$9*_xlfn.XLOOKUP(OFFSET(Data!$A$1,K$7-$G13,0,1,1),Data!$A:$A,Data!$F:$F)) -> 0.035419888 | L13: =_xlfn.XLOOKUP(OFFSET(Data!$A$1,L$7-$G13,0,1,1),Data!$A:$A,Data!$H:$H)-(L$8+L$9*_xlfn.XLOOKUP(OFFSET(Data!$A$1,L$7-$G13,0,1,1),Data!$A:$A,Data!$F:$F)) -> 0.011402918 | M13: =_xlfn.XLOOKUP(OFFSET(Data!$A$1,M$7-$G13,0,1,1),Data!$A:$A,Data!$I:$I)-(M$8+M$9*_xlfn.XLOOKUP(OFFSET(Data!$A$1,M$7-$G13,0,1,1),Data!$A:$A,Data!$F:$F)) -> -0.011172047 | N13: =_xlfn.XLOOKUP(OFFSET(Data!$A$1,N$7-$G13,0,1,1),Data!$A:$A,Data!$G:$G)-(N$8+N$9*_xlfn.XLOOKUP(OFFSET(Data!$A$1,N$7-$G13,0,1,1),Data!$A:$A,Data!$F:$F)) -> -0.0050592739 | O13: =_xlfn.XLOOKUP(OFFSET(Data!$A$1,O$7-$G13,0,1,1),Data!$A:$A,Data!$H:$H)-(O$8+O$9*_xlfn.XLOOKUP(OFFSET(Data!$A$1,O$7-$G13,0,1,1),Data!$A:$A,Data!$F:$F)) -> -0.031296375 | P13: =_xlfn.XLOOKUP(OFFSET(Data!$A$1,P$7-$G13,0,1,1),Data!$A:$A,Data!$I:$I)-(P$8+P$9*_xlfn.XLOOKUP(OFFSET(Data!$A$1,P$7-$G13,0,1,1),Data!$A:$A,Data!$F:$F)) -> -0.00099425403 | Q13: =_xlfn.XLOOKUP(OFFSET(Data!$A$1,Q$7-$G13,0,1,1),Data!$A:$A,Data!$G:$G)-(Q$8+Q$9*_xlfn.XLOOKUP(OFFSET(Data!$A$1,Q$7-$G13,0,1,1),Data!$A:$A,Data!$F:$F)) -> 0.014101419 | R13: =_xlfn.XLOOKUP(OFFSET(Data!$A$1,R$7-$G13,0,1,1),Data!$A:$A,Data!$H:$H)-(R$8+R$9*_xlfn.XLOOKUP(OFFSET(Data!$A$1,R$7-$G13,0,1,1),Data!$A:$A,Data!$F:$F)) -> 0.026036276 | S13: =_xlfn.XLOOKUP(OFFSET(Data!$A$1,S$7-$G13,0,1,1),Data!$A:$A,Data!$I:$I)-(S$8+S$9*_xlfn.XLOOKUP(OFFSET(Data!$A$1,S$7-$G13,0,1,1),Data!$A:$A,Data!$F:$F)) -> -0.0038015682 | T13: =_xlfn.XLOOKUP(OFFSET(Data!$A$1,T$7-$G13,0,1,1),Data!$A:$A,Data!$G:$G)-(T$8+T$9*_xlfn.XLOOKUP(OFFSET(Data!$A$1,T$7-$G13,0,1,1),Data!$A:$A,Data!$F:$F)) -> -0.019602406 | U13: =_xlfn.XLOOKUP(OFFSET(Data!$A$1,U$7-$G13,0,1,1),Data!$A:$A,Data!$H:$H)-(U$8+U$9*_xlfn.XLOOKUP(OFFSET(Data!$A$1,U$7-$G13,0,1,1),Data!$A:$A,Data!$F:$F)) -> -8.2162472e-05 | V13: =_xlfn.XLOOKUP(OFFSET(Data!$A$1,V$7-$G13,0,1,1),Data!$A:$A,Data!$I:$I)-(V$8+V$9*_xlfn.XLOOKUP(OFFSET(Data!$A$1,V$7-$G13,0,1,1),Data!$A:$A,Data!$F:$F)) -> 0.0017005905 | W13: =_xlfn.XLOOKUP(OFFSET(Data!$A$1,W$7-$G13,0,1,1),Data!$A:$A,Data!$G:$G)-(W$8+W$9*_xlfn.XLOOKUP(OFFSET(Data!$A$1,W$7-$G13,0,1,1),Data!$A:$A,Data!$F:$F)) -> 0.0032577238 | X13: =_xlfn.XLOOKUP(OFFSET(Data!$A$1,X$7-$G13,0,1,1),Data!$A:$A,Data!$H:$H)-(X$8+X$9*_xlfn.XLOOKUP(OFFSET(Data!$A$1,X$7-$G13,0,1,1),Data!$A:$A,Data!$F:$F)) -> -0.0055295376 | Y13: =_xlfn.XLOOKUP(OFFSET(Data!$A$1,Y$7-$G13,0,1,1),Data!$A:$A,Data!$I:$I)-(Y$8+Y$9*_xlfn.XLOOKUP(OFFSET(Data!$A$1,Y$7-$G13,0,1,1),Data!$A:$A,Data!$F:$F)) -> -0.014369077 | Z13: =_xlfn.XLOOKUP(OFFSET(Data!$A$1,Z$7-$G13,0,1,1),Data!$A:$A,Data!$G:$G)-(Z$8+Z$9*_xlfn.XLOOKUP(OFFSET(Data!$A$1,Z$7-$G13,0,1,1),Data!$A:$A,Data!$F:$F)) -> 0.017073229 | AA13: =_xlfn.XLOOKUP(OFFSET(Data!$A$1,AA$7-$G13,0,1,1),Data!$A:$A,Data!$H:$H)-(AA$8+AA$9*_xlfn.XLOOKUP(OFFSET(Data!$A$1,AA$7-$G13,0,1,1),Data!$A:$A,Data!$F:$F)) -> 0.010951561 | AB13: =_xlfn.XLOOKUP(OFFSET(Data!$A$1,AB$7-$G13,0,1,1),Data!$A:$A,Data!$I:$I)-(AB$8+AB$9*_xlfn.XLOOKUP(OFFSET(Data!$A$1,AB$7-$G13,0,1,1),Data!$A:$A,Data!$F:$F)) -> -0.00052461366 | AC13: =_xlfn.XLOOKUP(OFFSET(Data!$A$1,AC$7-$G13,0,1,1),Data!$A:$A,Data!$G:$G)-(AC$8+AC$9*_xlfn.XLOOKUP(OFFSET(Data!$A$1,AC$7-$G13,0,1,1),Data!$A:$A,Data!$F:$F)) -> 0.0028782866 | AD13: =_xlfn.XLOOKUP(OFFSET(Data!$A$1,AD$7-$G13,0,1,1),Data!$A:$A,Data!$H:$H)-(AD$8+AD$9*_xlfn.XLOOKUP(OFFSET(Data!$A$1,AD$7-$G13,0,1,1),Data!$A:$A,Data!$F:$F)) -> 0.011941121 | AE13: =_xlfn.XLOOKUP(OFFSET(Data!$A$1,AE$7-$G13,0,1,1),Data!$A:$A,Data!$I:$I)-(AE$8+AE$9*_xlfn.XLOOKUP(OFFSET(Data!$A$1,AE$7-$G13,0,1,1),Data!$A:$A,Data!$F:$F)) -> 0.012083954 | AF13: =_xlfn.XLOOKUP(OFFSET(Data!$A$1,AF$7-$G13,0,1,1),Data!$A:$A,Data!$G:$G)-(AF$8+AF$9*_xlfn.XLOOKUP(OFFSET(Data!$A$1,AF$7-$G13,0,1,1),Data!$A:$A,Data!$F:$F)) -> -0.0085557322 | AG13: =_xlfn.XLOOKUP(OFFSET(Data!$A$1,AG$7-$G13,0,1,1),Data!$A:$A,Data!$H:$H)-(AG$8+AG$9*_xlfn.XLOOKUP(OFFSET(Data!$A$1,AG$7-$G13,0,1,1),Data!$A:$A,Data!$F:$F)) -> -0.017615961 | AH13: =_xlfn.XLOOKUP(OFFSET(Data!$A$1,AH$7-$G13,0,1,1),Data!$A:$A,Data!$I:$I)-(AH$8+AH$9*_xlfn.XLOOKUP(OFFSET(Data!$A$1,AH$7-$G13,0,1,1),Data!$A:$A,Data!$F:$F)) -> 0.034556962 | AI13: =_xlfn.XLOOKUP(OFFSET(Data!$A$1,AI$7-$G13,0,1,1),Data!$A:$A,Data!$G:$G)-(AI$8+AI$9*_xlfn.XLOOKUP(OFFSET(Data!$A$1,AI$7-$G13,0,1,1),Data!$A:$A,Data!$F:$F)) -> -0.0025781083 | AJ13: =_xlfn.XLOOKUP(OFFSET(Data!$A$1,AJ$7-$G13,0,1,1),Data!$A:$A,Data!$H:$H)-(AJ$8+AJ$9*_xlfn.XLOOKUP(OFFSET(Data!$A$1,AJ$7-$G13,0,1,1),Data!$A:$A,Data!$F:$F)) -> -0.00041635649 | AK13: =_xlfn.XLOOKUP(OFFSET(Data!$A$1,AK$7-$G13,0,1,1),Data!$A:$A,Data!$I:$I)-(AK$8+AK$9*_xlfn.XLOOKUP(OFFSET(Data!$A$1,AK$7-$G13,0,1,1),Data!$A:$A,Data!$F:$F)) -> 0.012264403 | AL13: =_xlfn.XLOOKUP(OFFSET(Data!$A$1,AL$7-$G13,0,1,1),Data!$A:$A,Data!$G:$G)-(AL$8+AL$9*_xlfn.XLOOKUP(OFFSET(Data!$A$1,AL$7-$G13,0,1,1),Data!$A:$A,Data!$F:$F)) -> 0.0044697865 | AM13: =_xlfn.XLOOKUP(OFFSET(Data!$A$1,AM$7-$G13,0,1,1),Data!$A:$A,Data!$H:$H)-(AM$8+AM$9*_xlfn.XLOOKUP(OFFSET(Data!$A$1,AM$7-$G13,0,1,1),Data!$A:$A,Data!$F:$F)) -> 0.022221587 | AN13: =_xlfn.XLOOKUP(OFFSET(Data!$A$1,AN$7-$G13,0,1,1),Data!$A:$A,Data!$I:$I)-(AN$8+AN$9*_xlfn.XLOOKUP(OFFSET(Data!$A$1,AN$7-$G13,0,1,1),Data!$A:$A,Data!$F:$F)) -> -0.017554665 | AO13: =_xlfn.XLOOKUP(OFFSET(Data!$A$1,AO$7-$G13,0,1,1),Data!$A:$A,Data!$G:$G)-(AO$8+AO$9*_xlfn.XLOOKUP(OFFSET(Data!$A$1,AO$7-$G13,0,1,1),Data!$A:$A,Data!$F:$F)) -> 0.037012011 | AP13: =_xlfn.XLOOKUP(OFFSET(Data!$A$1,AP$7-$G13,0,1,1),Data!$A:$A,Data!$H:$H)-(AP$8+AP$9*_xlfn.XLOOKUP(OFFSET(Data!$A$1,AP$7-$G13,0,1,1),Data!$A:$A,Data!$F:$F)) -> 0.010792991 | AQ13: =_xlfn.XLOOKUP(OFFSET(Data!$A$1,AQ$7-$G13,0,1,1),Data!$A:$A,Data!$I:$I)-(AQ$8+AQ$9*_xlfn.XLOOKUP(OFFSET(Data!$A$1,AQ$7-$G13,0,1,1),Data!$A:$A,Data!$F:$F)) -> -0.00047408939 | AS13: 0 | AT13: =AVERAGEIF($H$5:$AQ$5,"+",$H23:$AQ23) -> 0.0022254998 | AU13: {=SQRT(SUMPRODUCT(($H$5:$AQ$5="+")*($H23:$AQ23-AT13)^2)/(AY13-1))/SQRT(AY13)} -> 0.0077668369 | AV13: =AT13/AU13 -> 0.28653876 | AW13: =IF(ABS(AV13)<1.96,"No","Yes") -> No | AX13: =(1+AX14)*(1+AT13)-1 -> 0.0045290656 | AY13: =COUNTIF($H$5:$AQ$5,"+") -> 18 | BA13: 0 | BB13: =AVERAGEIF($H$5:$AQ$5,"-",$H23:$AQ23) -> -0.0098457145 | BC13: {=SQRT(SUMPRODUCT(($H$5:$AQ$5="-")*($H23:$AQ23-BB13)^2)/(BG13-1))/SQRT(BG13)} -> 0.0043357266 | BD13: =BB13/BC13 -> -2.2708338 | BE13: =IF(ABS(BD13)<1.96,"No","Yes") -> Yes | BF13: =(1+BF14)*(1+BB13)-1 -> -0.017313705 | BG13: =COUNTIF($H$5:$AQ$5,"-") -> 18
A14: =Data!A14 -> 46122 | B14: =Data!F14 -> 0.018771896 | C14: =Data!G14 -> 0.024737268 | D14: =Data!H14 -> 0.0032467532 | E14: =Data!I14 -> 0 | G14: 9 | H14: =_xlfn.XLOOKUP(OFFSET(Data!$A$1,H$7-$G14,0,1,1),Data!$A:$A,Data!$G:$G)-(H$8+H$9*_xlfn.XLOOKUP(OFFSET(Data!$A$1,H$7-$G14,0,1,1),Data!$A:$A,Data!$F:$F)) -> 0.0189137 | I14: =_xlfn.XLOOKUP(OFFSET(Data!$A$1,I$7-$G14,0,1,1),Data!$A:$A,Data!$H:$H)-(I$8+I$9*_xlfn.XLOOKUP(OFFSET(Data!$A$1,I$7-$G14,0,1,1),Data!$A:$A,Data!$F:$F)) -> 0.026655302 | J14: =_xlfn.XLOOKUP(OFFSET(Data!$A$1,J$7-$G14,0,1,1),Data!$A:$A,Data!$I:$I)-(J$8+J$9*_xlfn.XLOOKUP(OFFSET(Data!$A$1,J$7-$G14,0,1,1),Data!$A:$A,Data!$F:$F)) -> 0.0024910106 | K14: =_xlfn.XLOOKUP(OFFSET(Data!$A$1,K$7-$G14,0,1,1),Data!$A:$A,Data!$G:$G)-(K$8+K$9*_xlfn.XLOOKUP(OFFSET(Data!$A$1,K$7-$G14,0,1,1),Data!$A:$A,Data!$F:$F)) -> 0.018949766 | L14: =_xlfn.XLOOKUP(OFFSET(Data!$A$1,L$7-$G14,0,1,1),Data!$A:$A,Data!$H:$H)-(L$8+L$9*_xlfn.XLOOKUP(OFFSET(Data!$A$1,L$7-$G14,0,1,1),Data!$A:$A,Data!$F:$F)) -> 0.0072013936 | M14: =_xlfn.XLOOKUP(OFFSET(Data!$A$1,M$7-$G14,0,1,1),Data!$A:$A,Data!$I:$I)-(M$8+M$9*_xlfn.XLOOKUP(OFFSET(Data!$A$1,M$7-$G14,0,1,1),Data!$A:$A,Data!$F:$F)) -> -0.024671008 | N14: =_xlfn.XLOOKUP(OFFSET(Data!$A$1,N$7-$G14,0,1,1),Data!$A:$A,Data!$G:$G)-(N$8+N$9*_xlfn.XLOOKUP(OFFSET(Data!$A$1,N$7-$G14,0,1,1),Data!$A:$A,Data!$F:$F)) -> 0.009517607 | O14: =_xlfn.XLOOKUP(OFFSET(Data!$A$1,O$7-$G14,0,1,1),Data!$A:$A,Data!$H:$H)-(O$8+O$9*_xlfn.XLOOKUP(OFFSET(Data!$A$1,O$7-$G14,0,1,1),Data!$A:$A,Data!$F:$F)) -> -0.013340927 | P14: =_xlfn.XLOOKUP(OFFSET(Data!$A$1,P$7-$G14,0,1,1),Data!$A:$A,Data!$I:$I)-(P$8+P$9*_xlfn.XLOOKUP(OFFSET(Data!$A$1,P$7-$G14,0,1,1),Data!$A:$A,Data!$F:$F)) -> 0.0016516578 | Q14: =_xlfn.XLOOKUP(OFFSET(Data!$A$1,Q$7-$G14,0,1,1),Data!$A:$A,Data!$G:$G)-(Q$8+Q$9*_xlfn.XLOOKUP(OFFSET(Data!$A$1,Q$7-$G14,0,1,1),Data!$A:$A,Data!$F:$F)) -> -0.016164336 | R14: =_xlfn.XLOOKUP(OFFSET(Data!$A$1,R$7-$G14,0,1,1),Data!$A:$A,Data!$H:$H)-(R$8+R$9*_xlfn.XLOOKUP(OFFSET(Data!$A$1,R$7-$G14,0,1,1),Data!$A:$A,Data!$F:$F)) -> 0.022993353 | S14: =_xlfn.XLOOKUP(OFFSET(Data!$A$1,S$7-$G14,0,1,1),Data!$A:$A,Data!$I:$I)-(S$8+S$9*_xlfn.XLOOKUP(OFFSET(Data!$A$1,S$7-$G14,0,1,1),Data!$A:$A,Data!$F:$F)) -> -0.0043669044 | T14: =_xlfn.XLOOKUP(OFFSET(Data!$A$1,T$7-$G14,0,1,1),Data!$A:$A,Data!$G:$G)-(T$8+T$9*_xlfn.XLOOKUP(OFFSET(Data!$A$1,T$7-$G14,0,1,1),Data!$A:$A,Data!$F:$F)) -> -0.013406746 | U14: =_xlfn.XLOOKUP(OFFSET(Data!$A$1,U$7-$G14,0,1,1),Data!$A:$A,Data!$H:$H)-(U$8+U$9*_xlfn.XLOOKUP(OFFSET(Data!$A$1,U$7-$G14,0,1,1),Data!$A:$A,Data!$F:$F)) -> 0.0016211383 | V14: =_xlfn.XLOOKUP(OFFSET(Data!$A$1,V$7-$G14,0,1,1),Data!$A:$A,Data!$I:$I)-(V$8+V$9*_xlfn.XLOOKUP(OFFSET(Data!$A$1,V$7-$G14,0,1,1),Data!$A:$A,Data!$F:$F)) -> 0.0060030157 | W14: =_xlfn.XLOOKUP(OFFSET(Data!$A$1,W$7-$G14,0,1,1),Data!$A:$A,Data!$G:$G)-(W$8+W$9*_xlfn.XLOOKUP(OFFSET(Data!$A$1,W$7-$G14,0,1,1),Data!$A:$A,Data!$F:$F)) -> 0.001654094 | X14: =_xlfn.XLOOKUP(OFFSET(Data!$A$1,X$7-$G14,0,1,1),Data!$A:$A,Data!$H:$H)-(X$8+X$9*_xlfn.XLOOKUP(OFFSET(Data!$A$1,X$7-$G14,0,1,1),Data!$A:$A,Data!$F:$F)) -> 0.00087758408 | Y14: =_xlfn.XLOOKUP(OFFSET(Data!$A$1,Y$7-$G14,0,1,1),Data!$A:$A,Data!$I:$I)-(Y$8+Y$9*_xlfn.XLOOKUP(OFFSET(Data!$A$1,Y$7-$G14,0,1,1),Data!$A:$A,Data!$F:$F)) -> -4.1412751e-05 | Z14: =_xlfn.XLOOKUP(OFFSET(Data!$A$1,Z$7-$G14,0,1,1),Data!$A:$A,Data!$G:$G)-(Z$8+Z$9*_xlfn.XLOOKUP(OFFSET(Data!$A$1,Z$7-$G14,0,1,1),Data!$A:$A,Data!$F:$F)) -> 0.012644353 | AA14: =_xlfn.XLOOKUP(OFFSET(Data!$A$1,AA$7-$G14,0,1,1),Data!$A:$A,Data!$H:$H)-(AA$8+AA$9*_xlfn.XLOOKUP(OFFSET(Data!$A$1,AA$7-$G14,0,1,1),Data!$A:$A,Data!$F:$F)) -> -0.0052714788 | AB14: =_xlfn.XLOOKUP(OFFSET(Data!$A$1,AB$7-$G14,0,1,1),Data!$A:$A,Data!$I:$I)-(AB$8+AB$9*_xlfn.XLOOKUP(OFFSET(Data!$A$1,AB$7-$G14,0,1,1),Data!$A:$A,Data!$F:$F)) -> -0.00032130494 | AC14: =_xlfn.XLOOKUP(OFFSET(Data!$A$1,AC$7-$G14,0,1,1),Data!$A:$A,Data!$G:$G)-(AC$8+AC$9*_xlfn.XLOOKUP(OFFSET(Data!$A$1,AC$7-$G14,0,1,1),Data!$A:$A,Data!$F:$F)) -> 0.0044110034 | AD14: =_xlfn.XLOOKUP(OFFSET(Data!$A$1,AD$7-$G14,0,1,1),Data!$A:$A,Data!$H:$H)-(AD$8+AD$9*_xlfn.XLOOKUP(OFFSET(Data!$A$1,AD$7-$G14,0,1,1),Data!$A:$A,Data!$F:$F)) -> 0.013240593 | AE14: =_xlfn.XLOOKUP(OFFSET(Data!$A$1,AE$7-$G14,0,1,1),Data!$A:$A,Data!$I:$I)-(AE$8+AE$9*_xlfn.XLOOKUP(OFFSET(Data!$A$1,AE$7-$G14,0,1,1),Data!$A:$A,Data!$F:$F)) -> -0.019850252 | AF14: =_xlfn.XLOOKUP(OFFSET(Data!$A$1,AF$7-$G14,0,1,1),Data!$A:$A,Data!$G:$G)-(AF$8+AF$9*_xlfn.XLOOKUP(OFFSET(Data!$A$1,AF$7-$G14,0,1,1),Data!$A:$A,Data!$F:$F)) -> -0.013646793 | AG14: =_xlfn.XLOOKUP(OFFSET(Data!$A$1,AG$7-$G14,0,1,1),Data!$A:$A,Data!$H:$H)-(AG$8+AG$9*_xlfn.XLOOKUP(OFFSET(Data!$A$1,AG$7-$G14,0,1,1),Data!$A:$A,Data!$F:$F)) -> 0.0046382926 | AH14: =_xlfn.XLOOKUP(OFFSET(Data!$A$1,AH$7-$G14,0,1,1),Data!$A:$A,Data!$I:$I)-(AH$8+AH$9*_xlfn.XLOOKUP(OFFSET(Data!$A$1,AH$7-$G14,0,1,1),Data!$A:$A,Data!$F:$F)) -> 0.017416156 | AI14: =_xlfn.XLOOKUP(OFFSET(Data!$A$1,AI$7-$G14,0,1,1),Data!$A:$A,Data!$G:$G)-(AI$8+AI$9*_xlfn.XLOOKUP(OFFSET(Data!$A$1,AI$7-$G14,0,1,1),Data!$A:$A,Data!$F:$F)) -> -0.0037618514 | AJ14: =_xlfn.XLOOKUP(OFFSET(Data!$A$1,AJ$7-$G14,0,1,1),Data!$A:$A,Data!$H:$H)-(AJ$8+AJ$9*_xlfn.XLOOKUP(OFFSET(Data!$A$1,AJ$7-$G14,0,1,1),Data!$A:$A,Data!$F:$F)) -> -0.036051003 | AK14: =_xlfn.XLOOKUP(OFFSET(Data!$A$1,AK$7-$G14,0,1,1),Data!$A:$A,Data!$I:$I)-(AK$8+AK$9*_xlfn.XLOOKUP(OFFSET(Data!$A$1,AK$7-$G14,0,1,1),Data!$A:$A,Data!$F:$F)) -> 0.060191177 | AL14: =_xlfn.XLOOKUP(OFFSET(Data!$A$1,AL$7-$G14,0,1,1),Data!$A:$A,Data!$G:$G)-(AL$8+AL$9*_xlfn.XLOOKUP(OFFSET(Data!$A$1,AL$7-$G14,0,1,1),Data!$A:$A,Data!$F:$F)) -> -0.014301411 | AM14: =_xlfn.XLOOKUP(OFFSET(Data!$A$1,AM$7-$G14,0,1,1),Data!$A:$A,Data!$H:$H)-(AM$8+AM$9*_xlfn.XLOOKUP(OFFSET(Data!$A$1,AM$7-$G14,0,1,1),Data!$A:$A,Data!$F:$F)) -> -0.040605767 | AN14: =_xlfn.XLOOKUP(OFFSET(Data!$A$1,AN$7-$G14,0,1,1),Data!$A:$A,Data!$I:$I)-(AN$8+AN$9*_xlfn.XLOOKUP(OFFSET(Data!$A$1,AN$7-$G14,0,1,1),Data!$A:$A,Data!$F:$F)) -> -0.00080831102 | AO14: =_xlfn.XLOOKUP(OFFSET(Data!$A$1,AO$7-$G14,0,1,1),Data!$A:$A,Data!$G:$G)-(AO$8+AO$9*_xlfn.XLOOKUP(OFFSET(Data!$A$1,AO$7-$G14,0,1,1),Data!$A:$A,Data!$F:$F)) -> 0.0030080821 | AP14: =_xlfn.XLOOKUP(OFFSET(Data!$A$1,AP$7-$G14,0,1,1),Data!$A:$A,Data!$H:$H)-(AP$8+AP$9*_xlfn.XLOOKUP(OFFSET(Data!$A$1,AP$7-$G14,0,1,1),Data!$A:$A,Data!$F:$F)) -> -0.0092714775 | AQ14: =_xlfn.XLOOKUP(OFFSET(Data!$A$1,AQ$7-$G14,0,1,1),Data!$A:$A,Data!$I:$I)-(AQ$8+AQ$9*_xlfn.XLOOKUP(OFFSET(Data!$A$1,AQ$7-$G14,0,1,1),Data!$A:$A,Data!$F:$F)) -> 0.0054651113 | AS14: -1 | AT14: =AVERAGEIF($H$5:$AQ$5,"+",$H24:$AQ24) -> 0.014251593 | AU14: {=SQRT(SUMPRODUCT(($H$5:$AQ$5="+")*($H24:$AQ24-AT14)^2)/(AY14-1))/SQRT(AY14)} -> 0.005802154 | AV14: =AT14/AU14 -> 2.456259 | AW14: =IF(ABS(AV14)<1.96,"No","Yes") -> Yes | AX14: =(1+AX15)*(1+AT14)-1 -> 0.0022984506 | AY14: =COUNTIF($H$5:$AQ$5,"+") -> 18 | BA14: -1 | BB14: =AVERAGEIF($H$5:$AQ$5,"-",$H24:$AQ24) -> 0.0017716038 | BC14: {=SQRT(SUMPRODUCT(($H$5:$AQ$5="-")*($H24:$AQ24-BB14)^2)/(BG14-1))/SQRT(BG14)} -> 0.0017375927 | BD14: =BB14/BC14 -> 1.0195737 | BE14: =IF(ABS(BD14)<1.96,"No","Yes") -> No | BF14: =(1+BF15)*(1+BB14)-1 -> -0.0075422491 | BG14: =COUNTIF($H$5:$AQ$5,"-") -> 18
A15: =Data!A15 -> 46121 | B15: =Data!F15 -> 0.023860561 | C15: =Data!G15 -> 0.033589572 | D15: =Data!H15 -> 0.015161503 | E15: =Data!I15 -> 0 | G15: 8 | H15: =_xlfn.XLOOKUP(OFFSET(Data!$A$1,H$7-$G15,0,1,1),Data!$A:$A,Data!$G:$G)-(H$8+H$9*_xlfn.XLOOKUP(OFFSET(Data!$A$1,H$7-$G15,0,1,1),Data!$A:$A,Data!$F:$F)) -> -0.0023676911 | I15: =_xlfn.XLOOKUP(OFFSET(Data!$A$1,I$7-$G15,0,1,1),Data!$A:$A,Data!$H:$H)-(I$8+I$9*_xlfn.XLOOKUP(OFFSET(Data!$A$1,I$7-$G15,0,1,1),Data!$A:$A,Data!$F:$F)) -> 0.0047652288 | J15: =_xlfn.XLOOKUP(OFFSET(Data!$A$1,J$7-$G15,0,1,1),Data!$A:$A,Data!$I:$I)-(J$8+J$9*_xlfn.XLOOKUP(OFFSET(Data!$A$1,J$7-$G15,0,1,1),Data!$A:$A,Data!$F:$F)) -> -0.00011635367 | K15: =_xlfn.XLOOKUP(OFFSET(Data!$A$1,K$7-$G15,0,1,1),Data!$A:$A,Data!$G:$G)-(K$8+K$9*_xlfn.XLOOKUP(OFFSET(Data!$A$1,K$7-$G15,0,1,1),Data!$A:$A,Data!$F:$F)) -> -0.0083009088 | L15: =_xlfn.XLOOKUP(OFFSET(Data!$A$1,L$7-$G15,0,1,1),Data!$A:$A,Data!$H:$H)-(L$8+L$9*_xlfn.XLOOKUP(OFFSET(Data!$A$1,L$7-$G15,0,1,1),Data!$A:$A,Data!$F:$F)) -> 0.020711202 | M15: =_xlfn.XLOOKUP(OFFSET(Data!$A$1,M$7-$G15,0,1,1),Data!$A:$A,Data!$I:$I)-(M$8+M$9*_xlfn.XLOOKUP(OFFSET(Data!$A$1,M$7-$G15,0,1,1),Data!$A:$A,Data!$F:$F)) -> 0.024155966 | N15: =_xlfn.XLOOKUP(OFFSET(Data!$A$1,N$7-$G15,0,1,1),Data!$A:$A,Data!$G:$G)-(N$8+N$9*_xlfn.XLOOKUP(OFFSET(Data!$A$1,N$7-$G15,0,1,1),Data!$A:$A,Data!$F:$F)) -> -0.01669778 | O15: =_xlfn.XLOOKUP(OFFSET(Data!$A$1,O$7-$G15,0,1,1),Data!$A:$A,Data!$H:$H)-(O$8+O$9*_xlfn.XLOOKUP(OFFSET(Data!$A$1,O$7-$G15,0,1,1),Data!$A:$A,Data!$F:$F)) -> -0.0055716917 | P15: =_xlfn.XLOOKUP(OFFSET(Data!$A$1,P$7-$G15,0,1,1),Data!$A:$A,Data!$I:$I)-(P$8+P$9*_xlfn.XLOOKUP(OFFSET(Data!$A$1,P$7-$G15,0,1,1),Data!$A:$A,Data!$F:$F)) -> -0.0028859476 | Q15: =_xlfn.XLOOKUP(OFFSET(Data!$A$1,Q$7-$G15,0,1,1),Data!$A:$A,Data!$G:$G)-(Q$8+Q$9*_xlfn.XLOOKUP(OFFSET(Data!$A$1,Q$7-$G15,0,1,1),Data!$A:$A,Data!$F:$F)) -> -0.0039530918 | R15: =_xlfn.XLOOKUP(OFFSET(Data!$A$1,R$7-$G15,0,1,1),Data!$A:$A,Data!$H:$H)-(R$8+R$9*_xlfn.XLOOKUP(OFFSET(Data!$A$1,R$7-$G15,0,1,1),Data!$A:$A,Data!$F:$F)) -> -0.019813226 | S15: =_xlfn.XLOOKUP(OFFSET(Data!$A$1,S$7-$G15,0,1,1),Data!$A:$A,Data!$I:$I)-(S$8+S$9*_xlfn.XLOOKUP(OFFSET(Data!$A$1,S$7-$G15,0,1,1),Data!$A:$A,Data!$F:$F)) -> 0.0059319838 | T15: =_xlfn.XLOOKUP(OFFSET(Data!$A$1,T$7-$G15,0,1,1),Data!$A:$A,Data!$G:$G)-(T$8+T$9*_xlfn.XLOOKUP(OFFSET(Data!$A$1,T$7-$G15,0,1,1),Data!$A:$A,Data!$F:$F)) -> 0.039314208 | U15: =_xlfn.XLOOKUP(OFFSET(Data!$A$1,U$7-$G15,0,1,1),Data!$A:$A,Data!$H:$H)-(U$8+U$9*_xlfn.XLOOKUP(OFFSET(Data!$A$1,U$7-$G15,0,1,1),Data!$A:$A,Data!$F:$F)) -> 0.0043800309 | V15: =_xlfn.XLOOKUP(OFFSET(Data!$A$1,V$7-$G15,0,1,1),Data!$A:$A,Data!$I:$I)-(V$8+V$9*_xlfn.XLOOKUP(OFFSET(Data!$A$1,V$7-$G15,0,1,1),Data!$A:$A,Data!$F:$F)) -> -0.0039326563 | W15: =_xlfn.XLOOKUP(OFFSET(Data!$A$1,W$7-$G15,0,1,1),Data!$A:$A,Data!$G:$G)-(W$8+W$9*_xlfn.XLOOKUP(OFFSET(Data!$A$1,W$7-$G15,0,1,1),Data!$A:$A,Data!$F:$F)) -> 0.016425499 | X15: =_xlfn.XLOOKUP(OFFSET(Data!$A$1,X$7-$G15,0,1,1),Data!$A:$A,Data!$H:$H)-(X$8+X$9*_xlfn.XLOOKUP(OFFSET(Data!$A$1,X$7-$G15,0,1,1),Data!$A:$A,Data!$F:$F)) -> 0.023230483 | Y15: =_xlfn.XLOOKUP(OFFSET(Data!$A$1,Y$7-$G15,0,1,1),Data!$A:$A,Data!$I:$I)-(Y$8+Y$9*_xlfn.XLOOKUP(OFFSET(Data!$A$1,Y$7-$G15,0,1,1),Data!$A:$A,Data!$F:$F)) -> -0.00080835842 | Z15: =_xlfn.XLOOKUP(OFFSET(Data!$A$1,Z$7-$G15,0,1,1),Data!$A:$A,Data!$G:$G)-(Z$8+Z$9*_xlfn.XLOOKUP(OFFSET(Data!$A$1,Z$7-$G15,0,1,1),Data!$A:$A,Data!$F:$F)) -> 0.022192286 | AA15: =_xlfn.XLOOKUP(OFFSET(Data!$A$1,AA$7-$G15,0,1,1),Data!$A:$A,Data!$H:$H)-(AA$8+AA$9*_xlfn.XLOOKUP(OFFSET(Data!$A$1,AA$7-$G15,0,1,1),Data!$A:$A,Data!$F:$F)) -> 0.00030987121 | AB15: =_xlfn.XLOOKUP(OFFSET(Data!$A$1,AB$7-$G15,0,1,1),Data!$A:$A,Data!$I:$I)-(AB$8+AB$9*_xlfn.XLOOKUP(OFFSET(Data!$A$1,AB$7-$G15,0,1,1),Data!$A:$A,Data!$F:$F)) -> 0.00085795015 | AC15: =_xlfn.XLOOKUP(OFFSET(Data!$A$1,AC$7-$G15,0,1,1),Data!$A:$A,Data!$G:$G)-(AC$8+AC$9*_xlfn.XLOOKUP(OFFSET(Data!$A$1,AC$7-$G15,0,1,1),Data!$A:$A,Data!$F:$F)) -> 0.015547931 | AD15: =_xlfn.XLOOKUP(OFFSET(Data!$A$1,AD$7-$G15,0,1,1),Data!$A:$A,Data!$H:$H)-(AD$8+AD$9*_xlfn.XLOOKUP(OFFSET(Data!$A$1,AD$7-$G15,0,1,1),Data!$A:$A,Data!$F:$F)) -> -0.010261732 | AE15: =_xlfn.XLOOKUP(OFFSET(Data!$A$1,AE$7-$G15,0,1,1),Data!$A:$A,Data!$I:$I)-(AE$8+AE$9*_xlfn.XLOOKUP(OFFSET(Data!$A$1,AE$7-$G15,0,1,1),Data!$A:$A,Data!$F:$F)) -> -0.0069085703 | AF15: =_xlfn.XLOOKUP(OFFSET(Data!$A$1,AF$7-$G15,0,1,1),Data!$A:$A,Data!$G:$G)-(AF$8+AF$9*_xlfn.XLOOKUP(OFFSET(Data!$A$1,AF$7-$G15,0,1,1),Data!$A:$A,Data!$F:$F)) -> 0.023448574 | AG15: =_xlfn.XLOOKUP(OFFSET(Data!$A$1,AG$7-$G15,0,1,1),Data!$A:$A,Data!$H:$H)-(AG$8+AG$9*_xlfn.XLOOKUP(OFFSET(Data!$A$1,AG$7-$G15,0,1,1),Data!$A:$A,Data!$F:$F)) -> 0.047358245 | AH15: =_xlfn.XLOOKUP(OFFSET(Data!$A$1,AH$7-$G15,0,1,1),Data!$A:$A,Data!$I:$I)-(AH$8+AH$9*_xlfn.XLOOKUP(OFFSET(Data!$A$1,AH$7-$G15,0,1,1),Data!$A:$A,Data!$F:$F)) -> 0.036959629 | AI15: =_xlfn.XLOOKUP(OFFSET(Data!$A$1,AI$7-$G15,0,1,1),Data!$A:$A,Data!$G:$G)-(AI$8+AI$9*_xlfn.XLOOKUP(OFFSET(Data!$A$1,AI$7-$G15,0,1,1),Data!$A:$A,Data!$F:$F)) -> 0.014724646 | AJ15: =_xlfn.XLOOKUP(OFFSET(Data!$A$1,AJ$7-$G15,0,1,1),Data!$A:$A,Data!$H:$H)-(AJ$8+AJ$9*_xlfn.XLOOKUP(OFFSET(Data!$A$1,AJ$7-$G15,0,1,1),Data!$A:$A,Data!$F:$F)) -> -0.00052669674 | AK15: =_xlfn.XLOOKUP(OFFSET(Data!$A$1,AK$7-$G15,0,1,1),Data!$A:$A,Data!$I:$I)-(AK$8+AK$9*_xlfn.XLOOKUP(OFFSET(Data!$A$1,AK$7-$G15,0,1,1),Data!$A:$A,Data!$F:$F)) -> -0.010446969 | AL15: =_xlfn.XLOOKUP(OFFSET(Data!$A$1,AL$7-$G15,0,1,1),Data!$A:$A,Data!$G:$G)-(AL$8+AL$9*_xlfn.XLOOKUP(OFFSET(Data!$A$1,AL$7-$G15,0,1,1),Data!$A:$A,Data!$F:$F)) -> -0.0047573901 | AM15: =_xlfn.XLOOKUP(OFFSET(Data!$A$1,AM$7-$G15,0,1,1),Data!$A:$A,Data!$H:$H)-(AM$8+AM$9*_xlfn.XLOOKUP(OFFSET(Data!$A$1,AM$7-$G15,0,1,1),Data!$A:$A,Data!$F:$F)) -> -0.010895799 | AN15: =_xlfn.XLOOKUP(OFFSET(Data!$A$1,AN$7-$G15,0,1,1),Data!$A:$A,Data!$I:$I)-(AN$8+AN$9*_xlfn.XLOOKUP(OFFSET(Data!$A$1,AN$7-$G15,0,1,1),Data!$A:$A,Data!$F:$F)) -> -0.0032239626 | AO15: =_xlfn.XLOOKUP(OFFSET(Data!$A$1,AO$7-$G15,0,1,1),Data!$A:$A,Data!$G:$G)-(AO$8+AO$9*_xlfn.XLOOKUP(OFFSET(Data!$A$1,AO$7-$G15,0,1,1),Data!$A:$A,Data!$F:$F)) -> 0.020836811 | AP15: =_xlfn.XLOOKUP(OFFSET(Data!$A$1,AP$7-$G15,0,1,1),Data!$A:$A,Data!$H:$H)-(AP$8+AP$9*_xlfn.XLOOKUP(OFFSET(Data!$A$1,AP$7-$G15,0,1,1),Data!$A:$A,Data!$F:$F)) -> -0.0079009598 | AQ15: =_xlfn.XLOOKUP(OFFSET(Data!$A$1,AQ$7-$G15,0,1,1),Data!$A:$A,Data!$I:$I)-(AQ$8+AQ$9*_xlfn.XLOOKUP(OFFSET(Data!$A$1,AQ$7-$G15,0,1,1),Data!$A:$A,Data!$F:$F)) -> -0.0014720219 | AS15: -2 | AT15: =AVERAGEIF($H$5:$AQ$5,"+",$H25:$AQ25) -> 0.0044599875 | AU15: {=SQRT(SUMPRODUCT(($H$5:$AQ$5="+")*($H25:$AQ25-AT15)^2)/(AY15-1))/SQRT(AY15)} -> 0.0029876877 | AV15: =AT15/AU15 -> 1.492789 | AW15: =IF(ABS(AV15)<1.96,"No","Yes") -> No | AX15: =(1+AX16)*(1+AT15)-1 -> -0.011785185 | AY15: =COUNTIF($H$5:$AQ$5,"+") -> 18 | BA15: -2 | BB15: =AVERAGEIF($H$5:$AQ$5,"-",$H25:$AQ25) -> 0.0015149643 | BC15: {=SQRT(SUMPRODUCT(($H$5:$AQ$5="-")*($H25:$AQ25-BB15)^2)/(BG15-1))/SQRT(BG15)} -> 0.0017857313 | BD15: =BB15/BC15 -> 0.84837193 | BE15: =IF(ABS(BD15)<1.96,"No","Yes") -> No | BF15: =(1+BF16)*(1+BB15)-1 -> -0.0092973817 | BG15: =COUNTIF($H$5:$AQ$5,"-") -> 18
A16: =Data!A16 -> 46118 | B16: =Data!F16 -> 0.011862451 | C16: =Data!G16 -> 0.033506045 | D16: =Data!H16 -> 0.036202186 | E16: =Data!I16 -> 0 | G16: 7 | H16: =_xlfn.XLOOKUP(OFFSET(Data!$A$1,H$7-$G16,0,1,1),Data!$A:$A,Data!$G:$G)-(H$8+H$9*_xlfn.XLOOKUP(OFFSET(Data!$A$1,H$7-$G16,0,1,1),Data!$A:$A,Data!$F:$F)) -> -0.0079984225 | I16: =_xlfn.XLOOKUP(OFFSET(Data!$A$1,I$7-$G16,0,1,1),Data!$A:$A,Data!$H:$H)-(I$8+I$9*_xlfn.XLOOKUP(OFFSET(Data!$A$1,I$7-$G16,0,1,1),Data!$A:$A,Data!$F:$F)) -> 0.01924988 | J16: =_xlfn.XLOOKUP(OFFSET(Data!$A$1,J$7-$G16,0,1,1),Data!$A:$A,Data!$I:$I)-(J$8+J$9*_xlfn.XLOOKUP(OFFSET(Data!$A$1,J$7-$G16,0,1,1),Data!$A:$A,Data!$F:$F)) -> -0.012543136 | K16: =_xlfn.XLOOKUP(OFFSET(Data!$A$1,K$7-$G16,0,1,1),Data!$A:$A,Data!$G:$G)-(K$8+K$9*_xlfn.XLOOKUP(OFFSET(Data!$A$1,K$7-$G16,0,1,1),Data!$A:$A,Data!$F:$F)) -> -0.020304772 | L16: =_xlfn.XLOOKUP(OFFSET(Data!$A$1,L$7-$G16,0,1,1),Data!$A:$A,Data!$H:$H)-(L$8+L$9*_xlfn.XLOOKUP(OFFSET(Data!$A$1,L$7-$G16,0,1,1),Data!$A:$A,Data!$F:$F)) -> 0.0039545083 | M16: =_xlfn.XLOOKUP(OFFSET(Data!$A$1,M$7-$G16,0,1,1),Data!$A:$A,Data!$I:$I)-(M$8+M$9*_xlfn.XLOOKUP(OFFSET(Data!$A$1,M$7-$G16,0,1,1),Data!$A:$A,Data!$F:$F)) -> -0.001201522 | N16: =_xlfn.XLOOKUP(OFFSET(Data!$A$1,N$7-$G16,0,1,1),Data!$A:$A,Data!$G:$G)-(N$8+N$9*_xlfn.XLOOKUP(OFFSET(Data!$A$1,N$7-$G16,0,1,1),Data!$A:$A,Data!$F:$F)) -> -0.0083769043 | O16: =_xlfn.XLOOKUP(OFFSET(Data!$A$1,O$7-$G16,0,1,1),Data!$A:$A,Data!$H:$H)-(O$8+O$9*_xlfn.XLOOKUP(OFFSET(Data!$A$1,O$7-$G16,0,1,1),Data!$A:$A,Data!$F:$F)) -> 0.026900794 | P16: =_xlfn.XLOOKUP(OFFSET(Data!$A$1,P$7-$G16,0,1,1),Data!$A:$A,Data!$I:$I)-(P$8+P$9*_xlfn.XLOOKUP(OFFSET(Data!$A$1,P$7-$G16,0,1,1),Data!$A:$A,Data!$F:$F)) -> 0.0014843026 | Q16: =_xlfn.XLOOKUP(OFFSET(Data!$A$1,Q$7-$G16,0,1,1),Data!$A:$A,Data!$G:$G)-(Q$8+Q$9*_xlfn.XLOOKUP(OFFSET(Data!$A$1,Q$7-$G16,0,1,1),Data!$A:$A,Data!$F:$F)) -> -0.0135367 | R16: =_xlfn.XLOOKUP(OFFSET(Data!$A$1,R$7-$G16,0,1,1),Data!$A:$A,Data!$H:$H)-(R$8+R$9*_xlfn.XLOOKUP(OFFSET(Data!$A$1,R$7-$G16,0,1,1),Data!$A:$A,Data!$F:$F)) -> -0.016156569 | S16: =_xlfn.XLOOKUP(OFFSET(Data!$A$1,S$7-$G16,0,1,1),Data!$A:$A,Data!$I:$I)-(S$8+S$9*_xlfn.XLOOKUP(OFFSET(Data!$A$1,S$7-$G16,0,1,1),Data!$A:$A,Data!$F:$F)) -> -0.0055482304 | T16: =_xlfn.XLOOKUP(OFFSET(Data!$A$1,T$7-$G16,0,1,1),Data!$A:$A,Data!$G:$G)-(T$8+T$9*_xlfn.XLOOKUP(OFFSET(Data!$A$1,T$7-$G16,0,1,1),Data!$A:$A,Data!$F:$F)) -> 0.0087887043 | U16: =_xlfn.XLOOKUP(OFFSET(Data!$A$1,U$7-$G16,0,1,1),Data!$A:$A,Data!$H:$H)-(U$8+U$9*_xlfn.XLOOKUP(OFFSET(Data!$A$1,U$7-$G16,0,1,1),Data!$A:$A,Data!$F:$F)) -> -0.021853099 | V16: =_xlfn.XLOOKUP(OFFSET(Data!$A$1,V$7-$G16,0,1,1),Data!$A:$A,Data!$I:$I)-(V$8+V$9*_xlfn.XLOOKUP(OFFSET(Data!$A$1,V$7-$G16,0,1,1),Data!$A:$A,Data!$F:$F)) -> -0.020842084 | W16: =_xlfn.XLOOKUP(OFFSET(Data!$A$1,W$7-$G16,0,1,1),Data!$A:$A,Data!$G:$G)-(W$8+W$9*_xlfn.XLOOKUP(OFFSET(Data!$A$1,W$7-$G16,0,1,1),Data!$A:$A,Data!$F:$F)) -> -0.029536311 | X16: =_xlfn.XLOOKUP(OFFSET(Data!$A$1,X$7-$G16,0,1,1),Data!$A:$A,Data!$H:$H)-(X$8+X$9*_xlfn.XLOOKUP(OFFSET(Data!$A$1,X$7-$G16,0,1,1),Data!$A:$A,Data!$F:$F)) -> 0.0026297615 | Y16: =_xlfn.XLOOKUP(OFFSET(Data!$A$1,Y$7-$G16,0,1,1),Data!$A:$A,Data!$I:$I)-(Y$8+Y$9*_xlfn.XLOOKUP(OFFSET(Data!$A$1,Y$7-$G16,0,1,1),Data!$A:$A,Data!$F:$F)) -> 0.0023035842 | Z16: =_xlfn.XLOOKUP(OFFSET(Data!$A$1,Z$7-$G16,0,1,1),Data!$A:$A,Data!$G:$G)-(Z$8+Z$9*_xlfn.XLOOKUP(OFFSET(Data!$A$1,Z$7-$G16,0,1,1),Data!$A:$A,Data!$F:$F)) -> -0.00051473797 | AA16: =_xlfn.XLOOKUP(OFFSET(Data!$A$1,AA$7-$G16,0,1,1),Data!$A:$A,Data!$H:$H)-(AA$8+AA$9*_xlfn.XLOOKUP(OFFSET(Data!$A$1,AA$7-$G16,0,1,1),Data!$A:$A,Data!$F:$F)) -> -0.0023406489 | AB16: =_xlfn.XLOOKUP(OFFSET(Data!$A$1,AB$7-$G16,0,1,1),Data!$A:$A,Data!$I:$I)-(AB$8+AB$9*_xlfn.XLOOKUP(OFFSET(Data!$A$1,AB$7-$G16,0,1,1),Data!$A:$A,Data!$F:$F)) -> 0.0041518487 | AC16: =_xlfn.XLOOKUP(OFFSET(Data!$A$1,AC$7-$G16,0,1,1),Data!$A:$A,Data!$G:$G)-(AC$8+AC$9*_xlfn.XLOOKUP(OFFSET(Data!$A$1,AC$7-$G16,0,1,1),Data!$A:$A,Data!$F:$F)) -> -0.010632671 | AD16: =_xlfn.XLOOKUP(OFFSET(Data!$A$1,AD$7-$G16,0,1,1),Data!$A:$A,Data!$H:$H)-(AD$8+AD$9*_xlfn.XLOOKUP(OFFSET(Data!$A$1,AD$7-$G16,0,1,1),Data!$A:$A,Data!$F:$F)) -> 0.033280727 | AE16: =_xlfn.XLOOKUP(OFFSET(Data!$A$1,AE$7-$G16,0,1,1),Data!$A:$A,Data!$I:$I)-(AE$8+AE$9*_xlfn.XLOOKUP(OFFSET(Data!$A$1,AE$7-$G16,0,1,1),Data!$A:$A,Data!$F:$F)) -> -0.025228975 | AF16: =_xlfn.XLOOKUP(OFFSET(Data!$A$1,AF$7-$G16,0,1,1),Data!$A:$A,Data!$G:$G)-(AF$8+AF$9*_xlfn.XLOOKUP(OFFSET(Data!$A$1,AF$7-$G16,0,1,1),Data!$A:$A,Data!$F:$F)) -> 0.041462494 | AG16: =_xlfn.XLOOKUP(OFFSET(Data!$A$1,AG$7-$G16,0,1,1),Data!$A:$A,Data!$H:$H)-(AG$8+AG$9*_xlfn.XLOOKUP(OFFSET(Data!$A$1,AG$7-$G16,0,1,1),Data!$A:$A,Data!$F:$F)) -> 0.03323464 | AH16: =_xlfn.XLOOKUP(OFFSET(Data!$A$1,AH$7-$G16,0,1,1),Data!$A:$A,Data!$I:$I)-(AH$8+AH$9*_xlfn.XLOOKUP(OFFSET(Data!$A$1,AH$7-$G16,0,1,1),Data!$A:$A,Data!$F:$F)) -> 0.066063219 | AI16: =_xlfn.XLOOKUP(OFFSET(Data!$A$1,AI$7-$G16,0,1,1),Data!$A:$A,Data!$G:$G)-(AI$8+AI$9*_xlfn.XLOOKUP(OFFSET(Data!$A$1,AI$7-$G16,0,1,1),Data!$A:$A,Data!$F:$F)) -> -0.0026123243 | AJ16: =_xlfn.XLOOKUP(OFFSET(Data!$A$1,AJ$7-$G16,0,1,1),Data!$A:$A,Data!$H:$H)-(AJ$8+AJ$9*_xlfn.XLOOKUP(OFFSET(Data!$A$1,AJ$7-$G16,0,1,1),Data!$A:$A,Data!$F:$F)) -> 0.010335202 | AK16: =_xlfn.XLOOKUP(OFFSET(Data!$A$1,AK$7-$G16,0,1,1),Data!$A:$A,Data!$I:$I)-(AK$8+AK$9*_xlfn.XLOOKUP(OFFSET(Data!$A$1,AK$7-$G16,0,1,1),Data!$A:$A,Data!$F:$F)) -> 0.0074116146 | AL16: =_xlfn.XLOOKUP(OFFSET(Data!$A$1,AL$7-$G16,0,1,1),Data!$A:$A,Data!$G:$G)-(AL$8+AL$9*_xlfn.XLOOKUP(OFFSET(Data!$A$1,AL$7-$G16,0,1,1),Data!$A:$A,Data!$F:$F)) -> -0.011778673 | AM16: =_xlfn.XLOOKUP(OFFSET(Data!$A$1,AM$7-$G16,0,1,1),Data!$A:$A,Data!$H:$H)-(AM$8+AM$9*_xlfn.XLOOKUP(OFFSET(Data!$A$1,AM$7-$G16,0,1,1),Data!$A:$A,Data!$F:$F)) -> -0.024052823 | AN16: =_xlfn.XLOOKUP(OFFSET(Data!$A$1,AN$7-$G16,0,1,1),Data!$A:$A,Data!$I:$I)-(AN$8+AN$9*_xlfn.XLOOKUP(OFFSET(Data!$A$1,AN$7-$G16,0,1,1),Data!$A:$A,Data!$F:$F)) -> 0.0060355353 | AO16: =_xlfn.XLOOKUP(OFFSET(Data!$A$1,AO$7-$G16,0,1,1),Data!$A:$A,Data!$G:$G)-(AO$8+AO$9*_xlfn.XLOOKUP(OFFSET(Data!$A$1,AO$7-$G16,0,1,1),Data!$A:$A,Data!$F:$F)) -> 0.0095097808 | AP16: =_xlfn.XLOOKUP(OFFSET(Data!$A$1,AP$7-$G16,0,1,1),Data!$A:$A,Data!$H:$H)-(AP$8+AP$9*_xlfn.XLOOKUP(OFFSET(Data!$A$1,AP$7-$G16,0,1,1),Data!$A:$A,Data!$F:$F)) -> 0.0054916475 | AQ16: =_xlfn.XLOOKUP(OFFSET(Data!$A$1,AQ$7-$G16,0,1,1),Data!$A:$A,Data!$I:$I)-(AQ$8+AQ$9*_xlfn.XLOOKUP(OFFSET(Data!$A$1,AQ$7-$G16,0,1,1),Data!$A:$A,Data!$F:$F)) -> -0.0023597531 | AS16: -3 | AT16: =AVERAGEIF($H$5:$AQ$5,"+",$H26:$AQ26) -> 0.0038105609 | AU16: {=SQRT(SUMPRODUCT(($H$5:$AQ$5="+")*($H26:$AQ26-AT16)^2)/(AY16-1))/SQRT(AY16)} -> 0.0034880003 | AV16: =AT16/AU16 -> 1.0924772 | AW16: =IF(ABS(AV16)<1.96,"No","Yes") -> No | AX16: =(1+AX17)*(1+AT16)-1 -> -0.016173041 | AY16: =COUNTIF($H$5:$AQ$5,"+") -> 18 | BA16: -3 | BB16: =AVERAGEIF($H$5:$AQ$5,"-",$H26:$AQ26) -> 0.0023022388 | BC16: {=SQRT(SUMPRODUCT(($H$5:$AQ$5="-")*($H26:$AQ26-BB16)^2)/(BG16-1))/SQRT(BG16)} -> 0.0020281588 | BD16: =BB16/BC16 -> 1.1351373 | BE16: =IF(ABS(BD16)<1.96,"No","Yes") -> No | BF16: =(1+BF17)*(1+BB16)-1 -> -0.01079599 | BG16: =COUNTIF($H$5:$AQ$5,"-") -> 18
A17: =Data!A17 -> 46115 | B17: =Data!F17 -> 0.02268727 | C17: =Data!G17 -> 0.011530398 | D17: =Data!H17 -> -0.0074576271 | E17: =Data!I17 -> 0 | G17: 6 | H17: =_xlfn.XLOOKUP(OFFSET(Data!$A$1,H$7-$G17,0,1,1),Data!$A:$A,Data!$G:$G)-(H$8+H$9*_xlfn.XLOOKUP(OFFSET(Data!$A$1,H$7-$G17,0,1,1),Data!$A:$A,Data!$F:$F)) -> 0.0076345278 | I17: =_xlfn.XLOOKUP(OFFSET(Data!$A$1,I$7-$G17,0,1,1),Data!$A:$A,Data!$H:$H)-(I$8+I$9*_xlfn.XLOOKUP(OFFSET(Data!$A$1,I$7-$G17,0,1,1),Data!$A:$A,Data!$F:$F)) -> -0.0057753265 | J17: =_xlfn.XLOOKUP(OFFSET(Data!$A$1,J$7-$G17,0,1,1),Data!$A:$A,Data!$I:$I)-(J$8+J$9*_xlfn.XLOOKUP(OFFSET(Data!$A$1,J$7-$G17,0,1,1),Data!$A:$A,Data!$F:$F)) -> -0.0030052998 | K17: =_xlfn.XLOOKUP(OFFSET(Data!$A$1,K$7-$G17,0,1,1),Data!$A:$A,Data!$G:$G)-(K$8+K$9*_xlfn.XLOOKUP(OFFSET(Data!$A$1,K$7-$G17,0,1,1),Data!$A:$A,Data!$F:$F)) -> 0.0051549021 | L17: =_xlfn.XLOOKUP(OFFSET(Data!$A$1,L$7-$G17,0,1,1),Data!$A:$A,Data!$H:$H)-(L$8+L$9*_xlfn.XLOOKUP(OFFSET(Data!$A$1,L$7-$G17,0,1,1),Data!$A:$A,Data!$F:$F)) -> -0.020438363 | M17: =_xlfn.XLOOKUP(OFFSET(Data!$A$1,M$7-$G17,0,1,1),Data!$A:$A,Data!$I:$I)-(M$8+M$9*_xlfn.XLOOKUP(OFFSET(Data!$A$1,M$7-$G17,0,1,1),Data!$A:$A,Data!$F:$F)) -> -0.048651486 | N17: =_xlfn.XLOOKUP(OFFSET(Data!$A$1,N$7-$G17,0,1,1),Data!$A:$A,Data!$G:$G)-(N$8+N$9*_xlfn.XLOOKUP(OFFSET(Data!$A$1,N$7-$G17,0,1,1),Data!$A:$A,Data!$F:$F)) -> 0.022629542 | O17: =_xlfn.XLOOKUP(OFFSET(Data!$A$1,O$7-$G17,0,1,1),Data!$A:$A,Data!$H:$H)-(O$8+O$9*_xlfn.XLOOKUP(OFFSET(Data!$A$1,O$7-$G17,0,1,1),Data!$A:$A,Data!$F:$F)) -> -0.0069446638 | P17: =_xlfn.XLOOKUP(OFFSET(Data!$A$1,P$7-$G17,0,1,1),Data!$A:$A,Data!$I:$I)-(P$8+P$9*_xlfn.XLOOKUP(OFFSET(Data!$A$1,P$7-$G17,0,1,1),Data!$A:$A,Data!$F:$F)) -> -0.00076715718 | Q17: =_xlfn.XLOOKUP(OFFSET(Data!$A$1,Q$7-$G17,0,1,1),Data!$A:$A,Data!$G:$G)-(Q$8+Q$9*_xlfn.XLOOKUP(OFFSET(Data!$A$1,Q$7-$G17,0,1,1),Data!$A:$A,Data!$F:$F)) -> 0.014210326 | R17: =_xlfn.XLOOKUP(OFFSET(Data!$A$1,R$7-$G17,0,1,1),Data!$A:$A,Data!$H:$H)-(R$8+R$9*_xlfn.XLOOKUP(OFFSET(Data!$A$1,R$7-$G17,0,1,1),Data!$A:$A,Data!$F:$F)) -> -0.00075598825 | S17: =_xlfn.XLOOKUP(OFFSET(Data!$A$1,S$7-$G17,0,1,1),Data!$A:$A,Data!$I:$I)-(S$8+S$9*_xlfn.XLOOKUP(OFFSET(Data!$A$1,S$7-$G17,0,1,1),Data!$A:$A,Data!$F:$F)) -> -0.0031600441 | T17: =_xlfn.XLOOKUP(OFFSET(Data!$A$1,T$7-$G17,0,1,1),Data!$A:$A,Data!$G:$G)-(T$8+T$9*_xlfn.XLOOKUP(OFFSET(Data!$A$1,T$7-$G17,0,1,1),Data!$A:$A,Data!$F:$F)) -> -0.0072486729 | U17: =_xlfn.XLOOKUP(OFFSET(Data!$A$1,U$7-$G17,0,1,1),Data!$A:$A,Data!$H:$H)-(U$8+U$9*_xlfn.XLOOKUP(OFFSET(Data!$A$1,U$7-$G17,0,1,1),Data!$A:$A,Data!$F:$F)) -> -0.0034895039 | V17: =_xlfn.XLOOKUP(OFFSET(Data!$A$1,V$7-$G17,0,1,1),Data!$A:$A,Data!$I:$I)-(V$8+V$9*_xlfn.XLOOKUP(OFFSET(Data!$A$1,V$7-$G17,0,1,1),Data!$A:$A,Data!$F:$F)) -> 0.0038981827 | W17: =_xlfn.XLOOKUP(OFFSET(Data!$A$1,W$7-$G17,0,1,1),Data!$A:$A,Data!$G:$G)-(W$8+W$9*_xlfn.XLOOKUP(OFFSET(Data!$A$1,W$7-$G17,0,1,1),Data!$A:$A,Data!$F:$F)) -> 0.017385248 | X17: =_xlfn.XLOOKUP(OFFSET(Data!$A$1,X$7-$G17,0,1,1),Data!$A:$A,Data!$H:$H)-(X$8+X$9*_xlfn.XLOOKUP(OFFSET(Data!$A$1,X$7-$G17,0,1,1),Data!$A:$A,Data!$F:$F)) -> -0.014989035 | Y17: =_xlfn.XLOOKUP(OFFSET(Data!$A$1,Y$7-$G17,0,1,1),Data!$A:$A,Data!$I:$I)-(Y$8+Y$9*_xlfn.XLOOKUP(OFFSET(Data!$A$1,Y$7-$G17,0,1,1),Data!$A:$A,Data!$F:$F)) -> -0.00022490854 | Z17: =_xlfn.XLOOKUP(OFFSET(Data!$A$1,Z$7-$G17,0,1,1),Data!$A:$A,Data!$G:$G)-(Z$8+Z$9*_xlfn.XLOOKUP(OFFSET(Data!$A$1,Z$7-$G17,0,1,1),Data!$A:$A,Data!$F:$F)) -> 0.00087262193 | AA17: =_xlfn.XLOOKUP(OFFSET(Data!$A$1,AA$7-$G17,0,1,1),Data!$A:$A,Data!$H:$H)-(AA$8+AA$9*_xlfn.XLOOKUP(OFFSET(Data!$A$1,AA$7-$G17,0,1,1),Data!$A:$A,Data!$F:$F)) -> 0.013761342 | AB17: =_xlfn.XLOOKUP(OFFSET(Data!$A$1,AB$7-$G17,0,1,1),Data!$A:$A,Data!$I:$I)-(AB$8+AB$9*_xlfn.XLOOKUP(OFFSET(Data!$A$1,AB$7-$G17,0,1,1),Data!$A:$A,Data!$F:$F)) -> -0.02651316 | AC17: =_xlfn.XLOOKUP(OFFSET(Data!$A$1,AC$7-$G17,0,1,1),Data!$A:$A,Data!$G:$G)-(AC$8+AC$9*_xlfn.XLOOKUP(OFFSET(Data!$A$1,AC$7-$G17,0,1,1),Data!$A:$A,Data!$F:$F)) -> -0.015992435 | AD17: =_xlfn.XLOOKUP(OFFSET(Data!$A$1,AD$7-$G17,0,1,1),Data!$A:$A,Data!$H:$H)-(AD$8+AD$9*_xlfn.XLOOKUP(OFFSET(Data!$A$1,AD$7-$G17,0,1,1),Data!$A:$A,Data!$F:$F)) -> -0.03068004 | AE17: =_xlfn.XLOOKUP(OFFSET(Data!$A$1,AE$7-$G17,0,1,1),Data!$A:$A,Data!$I:$I)-(AE$8+AE$9*_xlfn.XLOOKUP(OFFSET(Data!$A$1,AE$7-$G17,0,1,1),Data!$A:$A,Data!$F:$F)) -> 0.0043029613 | AF17: =_xlfn.XLOOKUP(OFFSET(Data!$A$1,AF$7-$G17,0,1,1),Data!$A:$A,Data!$G:$G)-(AF$8+AF$9*_xlfn.XLOOKUP(OFFSET(Data!$A$1,AF$7-$G17,0,1,1),Data!$A:$A,Data!$F:$F)) -> 0.0079735043 | AG17: =_xlfn.XLOOKUP(OFFSET(Data!$A$1,AG$7-$G17,0,1,1),Data!$A:$A,Data!$H:$H)-(AG$8+AG$9*_xlfn.XLOOKUP(OFFSET(Data!$A$1,AG$7-$G17,0,1,1),Data!$A:$A,Data!$F:$F)) -> 0.0025893329 | AH17: =_xlfn.XLOOKUP(OFFSET(Data!$A$1,AH$7-$G17,0,1,1),Data!$A:$A,Data!$I:$I)-(AH$8+AH$9*_xlfn.XLOOKUP(OFFSET(Data!$A$1,AH$7-$G17,0,1,1),Data!$A:$A,Data!$F:$F)) -> -0.066453415 | AI17: =_xlfn.XLOOKUP(OFFSET(Data!$A$1,AI$7-$G17,0,1,1),Data!$A:$A,Data!$G:$G)-(AI$8+AI$9*_xlfn.XLOOKUP(OFFSET(Data!$A$1,AI$7-$G17,0,1,1),Data!$A:$A,Data!$F:$F)) -> -0.0047126147 | AJ17: =_xlfn.XLOOKUP(OFFSET(Data!$A$1,AJ$7-$G17,0,1,1),Data!$A:$A,Data!$H:$H)-(AJ$8+AJ$9*_xlfn.XLOOKUP(OFFSET(Data!$A$1,AJ$7-$G17,0,1,1),Data!$A:$A,Data!$F:$F)) -> 0.020944367 | AK17: =_xlfn.XLOOKUP(OFFSET(Data!$A$1,AK$7-$G17,0,1,1),Data!$A:$A,Data!$I:$I)-(AK$8+AK$9*_xlfn.XLOOKUP(OFFSET(Data!$A$1,AK$7-$G17,0,1,1),Data!$A:$A,Data!$F:$F)) -> 0.032319701 | AL17: =_xlfn.XLOOKUP(OFFSET(Data!$A$1,AL$7-$G17,0,1,1),Data!$A:$A,Data!$G:$G)-(AL$8+AL$9*_xlfn.XLOOKUP(OFFSET(Data!$A$1,AL$7-$G17,0,1,1),Data!$A:$A,Data!$F:$F)) -> -0.033708714 | AM17: =_xlfn.XLOOKUP(OFFSET(Data!$A$1,AM$7-$G17,0,1,1),Data!$A:$A,Data!$H:$H)-(AM$8+AM$9*_xlfn.XLOOKUP(OFFSET(Data!$A$1,AM$7-$G17,0,1,1),Data!$A:$A,Data!$F:$F)) -> -0.0047482026 | AN17: =_xlfn.XLOOKUP(OFFSET(Data!$A$1,AN$7-$G17,0,1,1),Data!$A:$A,Data!$I:$I)-(AN$8+AN$9*_xlfn.XLOOKUP(OFFSET(Data!$A$1,AN$7-$G17,0,1,1),Data!$A:$A,Data!$F:$F)) -> -0.0019972338 | AO17: =_xlfn.XLOOKUP(OFFSET(Data!$A$1,AO$7-$G17,0,1,1),Data!$A:$A,Data!$G:$G)-(AO$8+AO$9*_xlfn.XLOOKUP(OFFSET(Data!$A$1,AO$7-$G17,0,1,1),Data!$A:$A,Data!$F:$F)) -> 0.022988589 | AP17: =_xlfn.XLOOKUP(OFFSET(Data!$A$1,AP$7-$G17,0,1,1),Data!$A:$A,Data!$H:$H)-(AP$8+AP$9*_xlfn.XLOOKUP(OFFSET(Data!$A$1,AP$7-$G17,0,1,1),Data!$A:$A,Data!$F:$F)) -> 0.032446973 | AQ17: =_xlfn.XLOOKUP(OFFSET(Data!$A$1,AQ$7-$G17,0,1,1),Data!$A:$A,Data!$I:$I)-(AQ$8+AQ$9*_xlfn.XLOOKUP(OFFSET(Data!$A$1,AQ$7-$G17,0,1,1),Data!$A:$A,Data!$F:$F)) -> 0.00057869347 | AS17: -4 | AT17: =AVERAGEIF($H$5:$AQ$5,"+",$H27:$AQ27) -> -0.0021039743 | AU17: {=SQRT(SUMPRODUCT(($H$5:$AQ$5="+")*($H27:$AQ27-AT17)^2)/(AY17-1))/SQRT(AY17)} -> 0.0044050348 | AV17: =AT17/AU17 -> -0.47762944 | AW17: =IF(ABS(AV17)<1.96,"No","Yes") -> No | AX17: =(1+AX18)*(1+AT17)-1 -> -0.019907742 | AY17: =COUNTIF($H$5:$AQ$5,"+") -> 18 | BA17: -4 | BB17: =AVERAGEIF($H$5:$AQ$5,"-",$H27:$AQ27) -> -0.00077962979 | BC17: {=SQRT(SUMPRODUCT(($H$5:$AQ$5="-")*($H27:$AQ27-BB17)^2)/(BG17-1))/SQRT(BG17)} -> 0.0022668948 | BD17: =BB17/BC17 -> -0.34391971 | BE17: =IF(ABS(BD17)<1.96,"No","Yes") -> No | BF17: =(1+BF18)*(1+BB17)-1 -> -0.013068143 | BG17: =COUNTIF($H$5:$AQ$5,"-") -> 18
A18: =Data!A18 -> 46112 | B18: =Data!F18 -> 0.019029474 | C18: =Data!G18 -> 0.0013995801 | D18: =Data!H18 -> 0.038732394 | E18: =Data!I18 -> 0 | G18: 5 | H18: =_xlfn.XLOOKUP(OFFSET(Data!$A$1,H$7-$G18,0,1,1),Data!$A:$A,Data!$G:$G)-(H$8+H$9*_xlfn.XLOOKUP(OFFSET(Data!$A$1,H$7-$G18,0,1,1),Data!$A:$A,Data!$F:$F)) -> 0.015660148 | I18: =_xlfn.XLOOKUP(OFFSET(Data!$A$1,I$7-$G18,0,1,1),Data!$A:$A,Data!$H:$H)-(I$8+I$9*_xlfn.XLOOKUP(OFFSET(Data!$A$1,I$7-$G18,0,1,1),Data!$A:$A,Data!$F:$F)) -> -0.011532142 | J18: =_xlfn.XLOOKUP(OFFSET(Data!$A$1,J$7-$G18,0,1,1),Data!$A:$A,Data!$I:$I)-(J$8+J$9*_xlfn.XLOOKUP(OFFSET(Data!$A$1,J$7-$G18,0,1,1),Data!$A:$A,Data!$F:$F)) -> 0.0048028338 | K18: =_xlfn.XLOOKUP(OFFSET(Data!$A$1,K$7-$G18,0,1,1),Data!$A:$A,Data!$G:$G)-(K$8+K$9*_xlfn.XLOOKUP(OFFSET(Data!$A$1,K$7-$G18,0,1,1),Data!$A:$A,Data!$F:$F)) -> 0.0020576356 | L18: =_xlfn.XLOOKUP(OFFSET(Data!$A$1,L$7-$G18,0,1,1),Data!$A:$A,Data!$H:$H)-(L$8+L$9*_xlfn.XLOOKUP(OFFSET(Data!$A$1,L$7-$G18,0,1,1),Data!$A:$A,Data!$F:$F)) -> 0.039166808 | M18: =_xlfn.XLOOKUP(OFFSET(Data!$A$1,M$7-$G18,0,1,1),Data!$A:$A,Data!$I:$I)-(M$8+M$9*_xlfn.XLOOKUP(OFFSET(Data!$A$1,M$7-$G18,0,1,1),Data!$A:$A,Data!$F:$F)) -> -0.0012526188 | N18: =_xlfn.XLOOKUP(OFFSET(Data!$A$1,N$7-$G18,0,1,1),Data!$A:$A,Data!$G:$G)-(N$8+N$9*_xlfn.XLOOKUP(OFFSET(Data!$A$1,N$7-$G18,0,1,1),Data!$A:$A,Data!$F:$F)) -> 0.030443417 | O18: =_xlfn.XLOOKUP(OFFSET(Data!$A$1,O$7-$G18,0,1,1),Data!$A:$A,Data!$H:$H)-(O$8+O$9*_xlfn.XLOOKUP(OFFSET(Data!$A$1,O$7-$G18,0,1,1),Data!$A:$A,Data!$F:$F)) -> -0.010406048 | P18: =_xlfn.XLOOKUP(OFFSET(Data!$A$1,P$7-$G18,0,1,1),Data!$A:$A,Data!$I:$I)-(P$8+P$9*_xlfn.XLOOKUP(OFFSET(Data!$A$1,P$7-$G18,0,1,1),Data!$A:$A,Data!$F:$F)) -> -0.0030290964 | Q18: =_xlfn.XLOOKUP(OFFSET(Data!$A$1,Q$7-$G18,0,1,1),Data!$A:$A,Data!$G:$G)-(Q$8+Q$9*_xlfn.XLOOKUP(OFFSET(Data!$A$1,Q$7-$G18,0,1,1),Data!$A:$A,Data!$F:$F)) -> -0.0062835229 | R18: =_xlfn.XLOOKUP(OFFSET(Data!$A$1,R$7-$G18,0,1,1),Data!$A:$A,Data!$H:$H)-(R$8+R$9*_xlfn.XLOOKUP(OFFSET(Data!$A$1,R$7-$G18,0,1,1),Data!$A:$A,Data!$F:$F)) -> 0.0026595947 | S18: =_xlfn.XLOOKUP(OFFSET(Data!$A$1,S$7-$G18,0,1,1),Data!$A:$A,Data!$I:$I)-(S$8+S$9*_xlfn.XLOOKUP(OFFSET(Data!$A$1,S$7-$G18,0,1,1),Data!$A:$A,Data!$F:$F)) -> -0.0043627282 | T18: =_xlfn.XLOOKUP(OFFSET(Data!$A$1,T$7-$G18,0,1,1),Data!$A:$A,Data!$G:$G)-(T$8+T$9*_xlfn.XLOOKUP(OFFSET(Data!$A$1,T$7-$G18,0,1,1),Data!$A:$A,Data!$F:$F)) -> -0.012813274 | U18: =_xlfn.XLOOKUP(OFFSET(Data!$A$1,U$7-$G18,0,1,1),Data!$A:$A,Data!$H:$H)-(U$8+U$9*_xlfn.XLOOKUP(OFFSET(Data!$A$1,U$7-$G18,0,1,1),Data!$A:$A,Data!$F:$F)) -> 0.011482552 | V18: =_xlfn.XLOOKUP(OFFSET(Data!$A$1,V$7-$G18,0,1,1),Data!$A:$A,Data!$I:$I)-(V$8+V$9*_xlfn.XLOOKUP(OFFSET(Data!$A$1,V$7-$G18,0,1,1),Data!$A:$A,Data!$F:$F)) -> -0.0028809289 | W18: =_xlfn.XLOOKUP(OFFSET(Data!$A$1,W$7-$G18,0,1,1),Data!$A:$A,Data!$G:$G)-(W$8+W$9*_xlfn.XLOOKUP(OFFSET(Data!$A$1,W$7-$G18,0,1,1),Data!$A:$A,Data!$F:$F)) -> -0.016588747 | X18: =_xlfn.XLOOKUP(OFFSET(Data!$A$1,X$7-$G18,0,1,1),Data!$A:$A,Data!$H:$H)-(X$8+X$9*_xlfn.XLOOKUP(OFFSET(Data!$A$1,X$7-$G18,0,1,1),Data!$A:$A,Data!$F:$F)) -> -0.0081472243 | Y18: =_xlfn.XLOOKUP(OFFSET(Data!$A$1,Y$7-$G18,0,1,1),Data!$A:$A,Data!$I:$I)-(Y$8+Y$9*_xlfn.XLOOKUP(OFFSET(Data!$A$1,Y$7-$G18,0,1,1),Data!$A:$A,Data!$F:$F)) -> -0.00043670767 | Z18: =_xlfn.XLOOKUP(OFFSET(Data!$A$1,Z$7-$G18,0,1,1),Data!$A:$A,Data!$G:$G)-(Z$8+Z$9*_xlfn.XLOOKUP(OFFSET(Data!$A$1,Z$7-$G18,0,1,1),Data!$A:$A,Data!$F:$F)) -> -0.0013020617 | AA18: =_xlfn.XLOOKUP(OFFSET(Data!$A$1,AA$7-$G18,0,1,1),Data!$A:$A,Data!$H:$H)-(AA$8+AA$9*_xlfn.XLOOKUP(OFFSET(Data!$A$1,AA$7-$G18,0,1,1),Data!$A:$A,Data!$F:$F)) -> -0.0060037092 | AB18: =_xlfn.XLOOKUP(OFFSET(Data!$A$1,AB$7-$G18,0,1,1),Data!$A:$A,Data!$I:$I)-(AB$8+AB$9*_xlfn.XLOOKUP(OFFSET(Data!$A$1,AB$7-$G18,0,1,1),Data!$A:$A,Data!$F:$F)) -> -0.011493186 | AC18: =_xlfn.XLOOKUP(OFFSET(Data!$A$1,AC$7-$G18,0,1,1),Data!$A:$A,Data!$G:$G)-(AC$8+AC$9*_xlfn.XLOOKUP(OFFSET(Data!$A$1,AC$7-$G18,0,1,1),Data!$A:$A,Data!$F:$F)) -> -0.0087820374 | AD18: =_xlfn.XLOOKUP(OFFSET(Data!$A$1,AD$7-$G18,0,1,1),Data!$A:$A,Data!$H:$H)-(AD$8+AD$9*_xlfn.XLOOKUP(OFFSET(Data!$A$1,AD$7-$G18,0,1,1),Data!$A:$A,Data!$F:$F)) -> 0.031321376 | AE18: =_xlfn.XLOOKUP(OFFSET(Data!$A$1,AE$7-$G18,0,1,1),Data!$A:$A,Data!$I:$I)-(AE$8+AE$9*_xlfn.XLOOKUP(OFFSET(Data!$A$1,AE$7-$G18,0,1,1),Data!$A:$A,Data!$F:$F)) -> 0.0039134557 | AF18: =_xlfn.XLOOKUP(OFFSET(Data!$A$1,AF$7-$G18,0,1,1),Data!$A:$A,Data!$G:$G)-(AF$8+AF$9*_xlfn.XLOOKUP(OFFSET(Data!$A$1,AF$7-$G18,0,1,1),Data!$A:$A,Data!$F:$F)) -> -0.0057608707 | AG18: =_xlfn.XLOOKUP(OFFSET(Data!$A$1,AG$7-$G18,0,1,1),Data!$A:$A,Data!$H:$H)-(AG$8+AG$9*_xlfn.XLOOKUP(OFFSET(Data!$A$1,AG$7-$G18,0,1,1),Data!$A:$A,Data!$F:$F)) -> 0.0039013174 | AH18: =_xlfn.XLOOKUP(OFFSET(Data!$A$1,AH$7-$G18,0,1,1),Data!$A:$A,Data!$I:$I)-(AH$8+AH$9*_xlfn.XLOOKUP(OFFSET(Data!$A$1,AH$7-$G18,0,1,1),Data!$A:$A,Data!$F:$F)) -> 0.012852974 | AI18: =_xlfn.XLOOKUP(OFFSET(Data!$A$1,AI$7-$G18,0,1,1),Data!$A:$A,Data!$G:$G)-(AI$8+AI$9*_xlfn.XLOOKUP(OFFSET(Data!$A$1,AI$7-$G18,0,1,1),Data!$A:$A,Data!$F:$F)) -> 0.0021636145 | AJ18: =_xlfn.XLOOKUP(OFFSET(Data!$A$1,AJ$7-$G18,0,1,1),Data!$A:$A,Data!$H:$H)-(AJ$8+AJ$9*_xlfn.XLOOKUP(OFFSET(Data!$A$1,AJ$7-$G18,0,1,1),Data!$A:$A,Data!$F:$F)) -> 0.0033877162 | AK18: =_xlfn.XLOOKUP(OFFSET(Data!$A$1,AK$7-$G18,0,1,1),Data!$A:$A,Data!$I:$I)-(AK$8+AK$9*_xlfn.XLOOKUP(OFFSET(Data!$A$1,AK$7-$G18,0,1,1),Data!$A:$A,Data!$F:$F)) -> 0.014605057 | AL18: =_xlfn.XLOOKUP(OFFSET(Data!$A$1,AL$7-$G18,0,1,1),Data!$A:$A,Data!$G:$G)-(AL$8+AL$9*_xlfn.XLOOKUP(OFFSET(Data!$A$1,AL$7-$G18,0,1,1),Data!$A:$A,Data!$F:$F)) -> -0.011718248 | AM18: =_xlfn.XLOOKUP(OFFSET(Data!$A$1,AM$7-$G18,0,1,1),Data!$A:$A,Data!$H:$H)-(AM$8+AM$9*_xlfn.XLOOKUP(OFFSET(Data!$A$1,AM$7-$G18,0,1,1),Data!$A:$A,Data!$F:$F)) -> -0.0085287912 | AN18: =_xlfn.XLOOKUP(OFFSET(Data!$A$1,AN$7-$G18,0,1,1),Data!$A:$A,Data!$I:$I)-(AN$8+AN$9*_xlfn.XLOOKUP(OFFSET(Data!$A$1,AN$7-$G18,0,1,1),Data!$A:$A,Data!$F:$F)) -> 0.0045126005 | AO18: =_xlfn.XLOOKUP(OFFSET(Data!$A$1,AO$7-$G18,0,1,1),Data!$A:$A,Data!$G:$G)-(AO$8+AO$9*_xlfn.XLOOKUP(OFFSET(Data!$A$1,AO$7-$G18,0,1,1),Data!$A:$A,Data!$F:$F)) -> 0.0021141444 | AP18: =_xlfn.XLOOKUP(OFFSET(Data!$A$1,AP$7-$G18,0,1,1),Data!$A:$A,Data!$H:$H)-(AP$8+AP$9*_xlfn.XLOOKUP(OFFSET(Data!$A$1,AP$7-$G18,0,1,1),Data!$A:$A,Data!$F:$F)) -> -0.017377339 | AQ18: =_xlfn.XLOOKUP(OFFSET(Data!$A$1,AQ$7-$G18,0,1,1),Data!$A:$A,Data!$I:$I)-(AQ$8+AQ$9*_xlfn.XLOOKUP(OFFSET(Data!$A$1,AQ$7-$G18,0,1,1),Data!$A:$A,Data!$F:$F)) -> -0.039320934 | AS18: -5 | AT18: =AVERAGEIF($H$5:$AQ$5,"+",$H28:$AQ28) -> -0.008369691 | AU18: {=SQRT(SUMPRODUCT(($H$5:$AQ$5="+")*($H28:$AQ28-AT18)^2)/(AY18-1))/SQRT(AY18)} -> 0.0048208612 | AV18: =AT18/AU18 -> -1.7361402 | AW18: =IF(ABS(AV18)<1.96,"No","Yes") -> No | AX18: =(1+AX19)*(1+AT18)-1 -> -0.017841305 | AY18: =COUNTIF($H$5:$AQ$5,"+") -> 18 | BA18: -5 | BB18: =AVERAGEIF($H$5:$AQ$5,"-",$H28:$AQ28) -> -0.00046991363 | BC18: {=SQRT(SUMPRODUCT(($H$5:$AQ$5="-")*($H28:$AQ28-BB18)^2)/(BG18-1))/SQRT(BG18)} -> 0.0034767606 | BD18: =BB18/BC18 -> -0.13515847 | BE18: =IF(ABS(BD18)<1.96,"No","Yes") -> No | BF18: =(1+BF19)*(1+BB18)-1 -> -0.012298101 | BG18: =COUNTIF($H$5:$AQ$5,"-") -> 18
A19: =Data!A19 -> 46111 | B19: =Data!F19 -> -0.01978445 | C19: =Data!G19 -> 0.026211849 | D19: =Data!H19 -> -0.053333333 | E19: =Data!I19 -> -0.010519395 | G19: 4 | H19: =_xlfn.XLOOKUP(OFFSET(Data!$A$1,H$7-$G19,0,1,1),Data!$A:$A,Data!$G:$G)-(H$8+H$9*_xlfn.XLOOKUP(OFFSET(Data!$A$1,H$7-$G19,0,1,1),Data!$A:$A,Data!$F:$F)) -> -0.0094502918 | I19: =_xlfn.XLOOKUP(OFFSET(Data!$A$1,I$7-$G19,0,1,1),Data!$A:$A,Data!$H:$H)-(I$8+I$9*_xlfn.XLOOKUP(OFFSET(Data!$A$1,I$7-$G19,0,1,1),Data!$A:$A,Data!$F:$F)) -> -0.0088854022 | J19: =_xlfn.XLOOKUP(OFFSET(Data!$A$1,J$7-$G19,0,1,1),Data!$A:$A,Data!$I:$I)-(J$8+J$9*_xlfn.XLOOKUP(OFFSET(Data!$A$1,J$7-$G19,0,1,1),Data!$A:$A,Data!$F:$F)) -> 0.01464809 | K19: =_xlfn.XLOOKUP(OFFSET(Data!$A$1,K$7-$G19,0,1,1),Data!$A:$A,Data!$G:$G)-(K$8+K$9*_xlfn.XLOOKUP(OFFSET(Data!$A$1,K$7-$G19,0,1,1),Data!$A:$A,Data!$F:$F)) -> 0.0037935601 | L19: =_xlfn.XLOOKUP(OFFSET(Data!$A$1,L$7-$G19,0,1,1),Data!$A:$A,Data!$H:$H)-(L$8+L$9*_xlfn.XLOOKUP(OFFSET(Data!$A$1,L$7-$G19,0,1,1),Data!$A:$A,Data!$F:$F)) -> -0.038059695 | M19: =_xlfn.XLOOKUP(OFFSET(Data!$A$1,M$7-$G19,0,1,1),Data!$A:$A,Data!$I:$I)-(M$8+M$9*_xlfn.XLOOKUP(OFFSET(Data!$A$1,M$7-$G19,0,1,1),Data!$A:$A,Data!$F:$F)) -> 0.0005724611 | N19: =_xlfn.XLOOKUP(OFFSET(Data!$A$1,N$7-$G19,0,1,1),Data!$A:$A,Data!$G:$G)-(N$8+N$9*_xlfn.XLOOKUP(OFFSET(Data!$A$1,N$7-$G19,0,1,1),Data!$A:$A,Data!$F:$F)) -> -0.021964749 | O19: =_xlfn.XLOOKUP(OFFSET(Data!$A$1,O$7-$G19,0,1,1),Data!$A:$A,Data!$H:$H)-(O$8+O$9*_xlfn.XLOOKUP(OFFSET(Data!$A$1,O$7-$G19,0,1,1),Data!$A:$A,Data!$F:$F)) -> -0.013332835 | P19: =_xlfn.XLOOKUP(OFFSET(Data!$A$1,P$7-$G19,0,1,1),Data!$A:$A,Data!$I:$I)-(P$8+P$9*_xlfn.XLOOKUP(OFFSET(Data!$A$1,P$7-$G19,0,1,1),Data!$A:$A,Data!$F:$F)) -> -0.0028071011 | Q19: =_xlfn.XLOOKUP(OFFSET(Data!$A$1,Q$7-$G19,0,1,1),Data!$A:$A,Data!$G:$G)-(Q$8+Q$9*_xlfn.XLOOKUP(OFFSET(Data!$A$1,Q$7-$G19,0,1,1),Data!$A:$A,Data!$F:$F)) -> -0.016607817 | R19: =_xlfn.XLOOKUP(OFFSET(Data!$A$1,R$7-$G19,0,1,1),Data!$A:$A,Data!$H:$H)-(R$8+R$9*_xlfn.XLOOKUP(OFFSET(Data!$A$1,R$7-$G19,0,1,1),Data!$A:$A,Data!$F:$F)) -> -0.032961133 | S19: =_xlfn.XLOOKUP(OFFSET(Data!$A$1,S$7-$G19,0,1,1),Data!$A:$A,Data!$I:$I)-(S$8+S$9*_xlfn.XLOOKUP(OFFSET(Data!$A$1,S$7-$G19,0,1,1),Data!$A:$A,Data!$F:$F)) -> -0.001698243 | T19: =_xlfn.XLOOKUP(OFFSET(Data!$A$1,T$7-$G19,0,1,1),Data!$A:$A,Data!$G:$G)-(T$8+T$9*_xlfn.XLOOKUP(OFFSET(Data!$A$1,T$7-$G19,0,1,1),Data!$A:$A,Data!$F:$F)) -> 0.0024315652 | U19: =_xlfn.XLOOKUP(OFFSET(Data!$A$1,U$7-$G19,0,1,1),Data!$A:$A,Data!$H:$H)-(U$8+U$9*_xlfn.XLOOKUP(OFFSET(Data!$A$1,U$7-$G19,0,1,1),Data!$A:$A,Data!$F:$F)) -> -0.00091503115 | V19: =_xlfn.XLOOKUP(OFFSET(Data!$A$1,V$7-$G19,0,1,1),Data!$A:$A,Data!$I:$I)-(V$8+V$9*_xlfn.XLOOKUP(OFFSET(Data!$A$1,V$7-$G19,0,1,1),Data!$A:$A,Data!$F:$F)) -> 0.0018359621 | W19: =_xlfn.XLOOKUP(OFFSET(Data!$A$1,W$7-$G19,0,1,1),Data!$A:$A,Data!$G:$G)-(W$8+W$9*_xlfn.XLOOKUP(OFFSET(Data!$A$1,W$7-$G19,0,1,1),Data!$A:$A,Data!$F:$F)) -> 0.022259854 | X19: =_xlfn.XLOOKUP(OFFSET(Data!$A$1,X$7-$G19,0,1,1),Data!$A:$A,Data!$H:$H)-(X$8+X$9*_xlfn.XLOOKUP(OFFSET(Data!$A$1,X$7-$G19,0,1,1),Data!$A:$A,Data!$F:$F)) -> 0.020281618 | Y19: =_xlfn.XLOOKUP(OFFSET(Data!$A$1,Y$7-$G19,0,1,1),Data!$A:$A,Data!$I:$I)-(Y$8+Y$9*_xlfn.XLOOKUP(OFFSET(Data!$A$1,Y$7-$G19,0,1,1),Data!$A:$A,Data!$F:$F)) -> 0.033710838 | Z19: =_xlfn.XLOOKUP(OFFSET(Data!$A$1,Z$7-$G19,0,1,1),Data!$A:$A,Data!$G:$G)-(Z$8+Z$9*_xlfn.XLOOKUP(OFFSET(Data!$A$1,Z$7-$G19,0,1,1),Data!$A:$A,Data!$F:$F)) -> -0.018625189 | AA19: =_xlfn.XLOOKUP(OFFSET(Data!$A$1,AA$7-$G19,0,1,1),Data!$A:$A,Data!$H:$H)-(AA$8+AA$9*_xlfn.XLOOKUP(OFFSET(Data!$A$1,AA$7-$G19,0,1,1),Data!$A:$A,Data!$F:$F)) -> -0.0038049906 | AB19: =_xlfn.XLOOKUP(OFFSET(Data!$A$1,AB$7-$G19,0,1,1),Data!$A:$A,Data!$I:$I)-(AB$8+AB$9*_xlfn.XLOOKUP(OFFSET(Data!$A$1,AB$7-$G19,0,1,1),Data!$A:$A,Data!$F:$F)) -> -0.0002342343 | AC19: =_xlfn.XLOOKUP(OFFSET(Data!$A$1,AC$7-$G19,0,1,1),Data!$A:$A,Data!$G:$G)-(AC$8+AC$9*_xlfn.XLOOKUP(OFFSET(Data!$A$1,AC$7-$G19,0,1,1),Data!$A:$A,Data!$F:$F)) -> 0.023581392 | AD19: =_xlfn.XLOOKUP(OFFSET(Data!$A$1,AD$7-$G19,0,1,1),Data!$A:$A,Data!$H:$H)-(AD$8+AD$9*_xlfn.XLOOKUP(OFFSET(Data!$A$1,AD$7-$G19,0,1,1),Data!$A:$A,Data!$F:$F)) -> 0.0077217491 | AE19: =_xlfn.XLOOKUP(OFFSET(Data!$A$1,AE$7-$G19,0,1,1),Data!$A:$A,Data!$I:$I)-(AE$8+AE$9*_xlfn.XLOOKUP(OFFSET(Data!$A$1,AE$7-$G19,0,1,1),Data!$A:$A,Data!$F:$F)) -> 0.011629588 | AF19: =_xlfn.XLOOKUP(OFFSET(Data!$A$1,AF$7-$G19,0,1,1),Data!$A:$A,Data!$G:$G)-(AF$8+AF$9*_xlfn.XLOOKUP(OFFSET(Data!$A$1,AF$7-$G19,0,1,1),Data!$A:$A,Data!$F:$F)) -> -0.0078004651 | AG19: =_xlfn.XLOOKUP(OFFSET(Data!$A$1,AG$7-$G19,0,1,1),Data!$A:$A,Data!$H:$H)-(AG$8+AG$9*_xlfn.XLOOKUP(OFFSET(Data!$A$1,AG$7-$G19,0,1,1),Data!$A:$A,Data!$F:$F)) -> 0.022605521 | AH19: =_xlfn.XLOOKUP(OFFSET(Data!$A$1,AH$7-$G19,0,1,1),Data!$A:$A,Data!$I:$I)-(AH$8+AH$9*_xlfn.XLOOKUP(OFFSET(Data!$A$1,AH$7-$G19,0,1,1),Data!$A:$A,Data!$F:$F)) -> -0.0061694205 | AI19: =_xlfn.XLOOKUP(OFFSET(Data!$A$1,AI$7-$G19,0,1,1),Data!$A:$A,Data!$G:$G)-(AI$8+AI$9*_xlfn.XLOOKUP(OFFSET(Data!$A$1,AI$7-$G19,0,1,1),Data!$A:$A,Data!$F:$F)) -> 0.008494977 | AJ19: =_xlfn.XLOOKUP(OFFSET(Data!$A$1,AJ$7-$G19,0,1,1),Data!$A:$A,Data!$H:$H)-(AJ$8+AJ$9*_xlfn.XLOOKUP(OFFSET(Data!$A$1,AJ$7-$G19,0,1,1),Data!$A:$A,Data!$F:$F)) -> 0.011579627 | AK19: =_xlfn.XLOOKUP(OFFSET(Data!$A$1,AK$7-$G19,0,1,1),Data!$A:$A,Data!$I:$I)-(AK$8+AK$9*_xlfn.XLOOKUP(OFFSET(Data!$A$1,AK$7-$G19,0,1,1),Data!$A:$A,Data!$F:$F)) -> 0.0062902227 | AL19: =_xlfn.XLOOKUP(OFFSET(Data!$A$1,AL$7-$G19,0,1,1),Data!$A:$A,Data!$G:$G)-(AL$8+AL$9*_xlfn.XLOOKUP(OFFSET(Data!$A$1,AL$7-$G19,0,1,1),Data!$A:$A,Data!$F:$F)) -> 0.024603903 | AM19: =_xlfn.XLOOKUP(OFFSET(Data!$A$1,AM$7-$G19,0,1,1),Data!$A:$A,Data!$H:$H)-(AM$8+AM$9*_xlfn.XLOOKUP(OFFSET(Data!$A$1,AM$7-$G19,0,1,1),Data!$A:$A,Data!$F:$F)) -> -0.013661912 | AN19: =_xlfn.XLOOKUP(OFFSET(Data!$A$1,AN$7-$G19,0,1,1),Data!$A:$A,Data!$I:$I)-(AN$8+AN$9*_xlfn.XLOOKUP(OFFSET(Data!$A$1,AN$7-$G19,0,1,1),Data!$A:$A,Data!$F:$F)) -> 0.034663064 | AO19: =_xlfn.XLOOKUP(OFFSET(Data!$A$1,AO$7-$G19,0,1,1),Data!$A:$A,Data!$G:$G)-(AO$8+AO$9*_xlfn.XLOOKUP(OFFSET(Data!$A$1,AO$7-$G19,0,1,1),Data!$A:$A,Data!$F:$F)) -> 0.036514232 | AP19: =_xlfn.XLOOKUP(OFFSET(Data!$A$1,AP$7-$G19,0,1,1),Data!$A:$A,Data!$H:$H)-(AP$8+AP$9*_xlfn.XLOOKUP(OFFSET(Data!$A$1,AP$7-$G19,0,1,1),Data!$A:$A,Data!$F:$F)) -> -0.0063273054 | AQ19: =_xlfn.XLOOKUP(OFFSET(Data!$A$1,AQ$7-$G19,0,1,1),Data!$A:$A,Data!$I:$I)-(AQ$8+AQ$9*_xlfn.XLOOKUP(OFFSET(Data!$A$1,AQ$7-$G19,0,1,1),Data!$A:$A,Data!$F:$F)) -> 0.0012711076 | AS19: -6 | AT19: =AVERAGEIF($H$5:$AQ$5,"+",$H29:$AQ29) -> -0.0047024561 | AU19: {=SQRT(SUMPRODUCT(($H$5:$AQ$5="+")*($H29:$AQ29-AT19)^2)/(AY19-1))/SQRT(AY19)} -> 0.0055694902 | AV19: =AT19/AU19 -> -0.84432433 | AW19: =IF(ABS(AV19)<1.96,"No","Yes") -> No | AX19: =(1+AX20)*(1+AT19)-1 -> -0.0095515577 | AY19: =COUNTIF($H$5:$AQ$5,"+") -> 18 | BA19: -6 | BB19: =AVERAGEIF($H$5:$AQ$5,"-",$H29:$AQ29) -> -0.0033769379 | BC19: {=SQRT(SUMPRODUCT(($H$5:$AQ$5="-")*($H29:$AQ29-BB19)^2)/(BG19-1))/SQRT(BG19)} -> 0.0029628495 | BD19: =BB19/BC19 -> -1.1397602 | BE19: =IF(ABS(BD19)<1.96,"No","Yes") -> No | BF19: =(1+BF20)*(1+BB19)-1 -> -0.011833749 | BG19: =COUNTIF($H$5:$AQ$5,"-") -> 18
A20: =Data!A20 -> 46108 | B20: =Data!F20 -> -0.035335265 | C20: =Data!G20 -> -0.052398775 | D20: =Data!H20 -> -0.013157895 | E20: =Data!I20 -> -0.02997449 | G20: 3 | H20: =_xlfn.XLOOKUP(OFFSET(Data!$A$1,H$7-$G20,0,1,1),Data!$A:$A,Data!$G:$G)-(H$8+H$9*_xlfn.XLOOKUP(OFFSET(Data!$A$1,H$7-$G20,0,1,1),Data!$A:$A,Data!$F:$F)) -> -0.029425075 | I20: =_xlfn.XLOOKUP(OFFSET(Data!$A$1,I$7-$G20,0,1,1),Data!$A:$A,Data!$H:$H)-(I$8+I$9*_xlfn.XLOOKUP(OFFSET(Data!$A$1,I$7-$G20,0,1,1),Data!$A:$A,Data!$F:$F)) -> -0.037064881 | J20: =_xlfn.XLOOKUP(OFFSET(Data!$A$1,J$7-$G20,0,1,1),Data!$A:$A,Data!$I:$I)-(J$8+J$9*_xlfn.XLOOKUP(OFFSET(Data!$A$1,J$7-$G20,0,1,1),Data!$A:$A,Data!$F:$F)) -> -0.026970644 | K20: =_xlfn.XLOOKUP(OFFSET(Data!$A$1,K$7-$G20,0,1,1),Data!$A:$A,Data!$G:$G)-(K$8+K$9*_xlfn.XLOOKUP(OFFSET(Data!$A$1,K$7-$G20,0,1,1),Data!$A:$A,Data!$F:$F)) -> -0.0089857723 | L20: =_xlfn.XLOOKUP(OFFSET(Data!$A$1,L$7-$G20,0,1,1),Data!$A:$A,Data!$H:$H)-(L$8+L$9*_xlfn.XLOOKUP(OFFSET(Data!$A$1,L$7-$G20,0,1,1),Data!$A:$A,Data!$F:$F)) -> -0.013161042 | M20: =_xlfn.XLOOKUP(OFFSET(Data!$A$1,M$7-$G20,0,1,1),Data!$A:$A,Data!$I:$I)-(M$8+M$9*_xlfn.XLOOKUP(OFFSET(Data!$A$1,M$7-$G20,0,1,1),Data!$A:$A,Data!$F:$F)) -> 0.002822909 | N20: =_xlfn.XLOOKUP(OFFSET(Data!$A$1,N$7-$G20,0,1,1),Data!$A:$A,Data!$G:$G)-(N$8+N$9*_xlfn.XLOOKUP(OFFSET(Data!$A$1,N$7-$G20,0,1,1),Data!$A:$A,Data!$F:$F)) -> -0.0056307295 | O20: =_xlfn.XLOOKUP(OFFSET(Data!$A$1,O$7-$G20,0,1,1),Data!$A:$A,Data!$H:$H)-(O$8+O$9*_xlfn.XLOOKUP(OFFSET(Data!$A$1,O$7-$G20,0,1,1),Data!$A:$A,Data!$F:$F)) -> 0.003749481 | P20: =_xlfn.XLOOKUP(OFFSET(Data!$A$1,P$7-$G20,0,1,1),Data!$A:$A,Data!$I:$I)-(P$8+P$9*_xlfn.XLOOKUP(OFFSET(Data!$A$1,P$7-$G20,0,1,1),Data!$A:$A,Data!$F:$F)) -> 0.0022111846 | Q20: =_xlfn.XLOOKUP(OFFSET(Data!$A$1,Q$7-$G20,0,1,1),Data!$A:$A,Data!$G:$G)-(Q$8+Q$9*_xlfn.XLOOKUP(OFFSET(Data!$A$1,Q$7-$G20,0,1,1),Data!$A:$A,Data!$F:$F)) -> 0.010065006 | R20: =_xlfn.XLOOKUP(OFFSET(Data!$A$1,R$7-$G20,0,1,1),Data!$A:$A,Data!$H:$H)-(R$8+R$9*_xlfn.XLOOKUP(OFFSET(Data!$A$1,R$7-$G20,0,1,1),Data!$A:$A,Data!$F:$F)) -> -0.012222728 | S20: =_xlfn.XLOOKUP(OFFSET(Data!$A$1,S$7-$G20,0,1,1),Data!$A:$A,Data!$I:$I)-(S$8+S$9*_xlfn.XLOOKUP(OFFSET(Data!$A$1,S$7-$G20,0,1,1),Data!$A:$A,Data!$F:$F)) -> -0.0014022264 | T20: =_xlfn.XLOOKUP(OFFSET(Data!$A$1,T$7-$G20,0,1,1),Data!$A:$A,Data!$G:$G)-(T$8+T$9*_xlfn.XLOOKUP(OFFSET(Data!$A$1,T$7-$G20,0,1,1),Data!$A:$A,Data!$F:$F)) -> 0.0054568244 | U20: =_xlfn.XLOOKUP(OFFSET(Data!$A$1,U$7-$G20,0,1,1),Data!$A:$A,Data!$H:$H)-(U$8+U$9*_xlfn.XLOOKUP(OFFSET(Data!$A$1,U$7-$G20,0,1,1),Data!$A:$A,Data!$F:$F)) -> -0.018453081 | V20: =_xlfn.XLOOKUP(OFFSET(Data!$A$1,V$7-$G20,0,1,1),Data!$A:$A,Data!$I:$I)-(V$8+V$9*_xlfn.XLOOKUP(OFFSET(Data!$A$1,V$7-$G20,0,1,1),Data!$A:$A,Data!$F:$F)) -> 0.0046150297 | W20: =_xlfn.XLOOKUP(OFFSET(Data!$A$1,W$7-$G20,0,1,1),Data!$A:$A,Data!$G:$G)-(W$8+W$9*_xlfn.XLOOKUP(OFFSET(Data!$A$1,W$7-$G20,0,1,1),Data!$A:$A,Data!$F:$F)) -> 0.011199312 | X20: =_xlfn.XLOOKUP(OFFSET(Data!$A$1,X$7-$G20,0,1,1),Data!$A:$A,Data!$H:$H)-(X$8+X$9*_xlfn.XLOOKUP(OFFSET(Data!$A$1,X$7-$G20,0,1,1),Data!$A:$A,Data!$F:$F)) -> -0.017277888 | Y20: =_xlfn.XLOOKUP(OFFSET(Data!$A$1,Y$7-$G20,0,1,1),Data!$A:$A,Data!$I:$I)-(Y$8+Y$9*_xlfn.XLOOKUP(OFFSET(Data!$A$1,Y$7-$G20,0,1,1),Data!$A:$A,Data!$F:$F)) -> 0.058069139 | Z20: =_xlfn.XLOOKUP(OFFSET(Data!$A$1,Z$7-$G20,0,1,1),Data!$A:$A,Data!$G:$G)-(Z$8+Z$9*_xlfn.XLOOKUP(OFFSET(Data!$A$1,Z$7-$G20,0,1,1),Data!$A:$A,Data!$F:$F)) -> 0.010559688 | AA20: =_xlfn.XLOOKUP(OFFSET(Data!$A$1,AA$7-$G20,0,1,1),Data!$A:$A,Data!$H:$H)-(AA$8+AA$9*_xlfn.XLOOKUP(OFFSET(Data!$A$1,AA$7-$G20,0,1,1),Data!$A:$A,Data!$F:$F)) -> -0.0069461143 | AB20: =_xlfn.XLOOKUP(OFFSET(Data!$A$1,AB$7-$G20,0,1,1),Data!$A:$A,Data!$I:$I)-(AB$8+AB$9*_xlfn.XLOOKUP(OFFSET(Data!$A$1,AB$7-$G20,0,1,1),Data!$A:$A,Data!$F:$F)) -> 0.0044360149 | AC20: =_xlfn.XLOOKUP(OFFSET(Data!$A$1,AC$7-$G20,0,1,1),Data!$A:$A,Data!$G:$G)-(AC$8+AC$9*_xlfn.XLOOKUP(OFFSET(Data!$A$1,AC$7-$G20,0,1,1),Data!$A:$A,Data!$F:$F)) -> -0.0054837302 | AD20: =_xlfn.XLOOKUP(OFFSET(Data!$A$1,AD$7-$G20,0,1,1),Data!$A:$A,Data!$H:$H)-(AD$8+AD$9*_xlfn.XLOOKUP(OFFSET(Data!$A$1,AD$7-$G20,0,1,1),Data!$A:$A,Data!$F:$F)) -> 0.0016119274 | AE20: =_xlfn.XLOOKUP(OFFSET(Data!$A$1,AE$7-$G20,0,1,1),Data!$A:$A,Data!$I:$I)-(AE$8+AE$9*_xlfn.XLOOKUP(OFFSET(Data!$A$1,AE$7-$G20,0,1,1),Data!$A:$A,Data!$F:$F)) -> 0.008981309 | AF20: =_xlfn.XLOOKUP(OFFSET(Data!$A$1,AF$7-$G20,0,1,1),Data!$A:$A,Data!$G:$G)-(AF$8+AF$9*_xlfn.XLOOKUP(OFFSET(Data!$A$1,AF$7-$G20,0,1,1),Data!$A:$A,Data!$F:$F)) -> 0.0035843306 | AG20: =_xlfn.XLOOKUP(OFFSET(Data!$A$1,AG$7-$G20,0,1,1),Data!$A:$A,Data!$H:$H)-(AG$8+AG$9*_xlfn.XLOOKUP(OFFSET(Data!$A$1,AG$7-$G20,0,1,1),Data!$A:$A,Data!$F:$F)) -> -0.010597245 | AH20: =_xlfn.XLOOKUP(OFFSET(Data!$A$1,AH$7-$G20,0,1,1),Data!$A:$A,Data!$I:$I)-(AH$8+AH$9*_xlfn.XLOOKUP(OFFSET(Data!$A$1,AH$7-$G20,0,1,1),Data!$A:$A,Data!$F:$F)) -> 0.007307003 | AI20: =_xlfn.XLOOKUP(OFFSET(Data!$A$1,AI$7-$G20,0,1,1),Data!$A:$A,Data!$G:$G)-(AI$8+AI$9*_xlfn.XLOOKUP(OFFSET(Data!$A$1,AI$7-$G20,0,1,1),Data!$A:$A,Data!$F:$F)) -> 0.0053154404 | AJ20: =_xlfn.XLOOKUP(OFFSET(Data!$A$1,AJ$7-$G20,0,1,1),Data!$A:$A,Data!$H:$H)-(AJ$8+AJ$9*_xlfn.XLOOKUP(OFFSET(Data!$A$1,AJ$7-$G20,0,1,1),Data!$A:$A,Data!$F:$F)) -> 0.0050365297 | AK20: =_xlfn.XLOOKUP(OFFSET(Data!$A$1,AK$7-$G20,0,1,1),Data!$A:$A,Data!$I:$I)-(AK$8+AK$9*_xlfn.XLOOKUP(OFFSET(Data!$A$1,AK$7-$G20,0,1,1),Data!$A:$A,Data!$F:$F)) -> -0.0079740856 | AL20: =_xlfn.XLOOKUP(OFFSET(Data!$A$1,AL$7-$G20,0,1,1),Data!$A:$A,Data!$G:$G)-(AL$8+AL$9*_xlfn.XLOOKUP(OFFSET(Data!$A$1,AL$7-$G20,0,1,1),Data!$A:$A,Data!$F:$F)) -> 0.009505554 | AM20: =_xlfn.XLOOKUP(OFFSET(Data!$A$1,AM$7-$G20,0,1,1),Data!$A:$A,Data!$H:$H)-(AM$8+AM$9*_xlfn.XLOOKUP(OFFSET(Data!$A$1,AM$7-$G20,0,1,1),Data!$A:$A,Data!$F:$F)) -> -0.0007585439 | AN20: =_xlfn.XLOOKUP(OFFSET(Data!$A$1,AN$7-$G20,0,1,1),Data!$A:$A,Data!$I:$I)-(AN$8+AN$9*_xlfn.XLOOKUP(OFFSET(Data!$A$1,AN$7-$G20,0,1,1),Data!$A:$A,Data!$F:$F)) -> -0.024453304 | AO20: =_xlfn.XLOOKUP(OFFSET(Data!$A$1,AO$7-$G20,0,1,1),Data!$A:$A,Data!$G:$G)-(AO$8+AO$9*_xlfn.XLOOKUP(OFFSET(Data!$A$1,AO$7-$G20,0,1,1),Data!$A:$A,Data!$F:$F)) -> 0.044062388 | AP20: =_xlfn.XLOOKUP(OFFSET(Data!$A$1,AP$7-$G20,0,1,1),Data!$A:$A,Data!$H:$H)-(AP$8+AP$9*_xlfn.XLOOKUP(OFFSET(Data!$A$1,AP$7-$G20,0,1,1),Data!$A:$A,Data!$F:$F)) -> 0.0060952269 | AQ20: =_xlfn.XLOOKUP(OFFSET(Data!$A$1,AQ$7-$G20,0,1,1),Data!$A:$A,Data!$I:$I)-(AQ$8+AQ$9*_xlfn.XLOOKUP(OFFSET(Data!$A$1,AQ$7-$G20,0,1,1),Data!$A:$A,Data!$F:$F)) -> -0.0060572698 | AS20: -7 | AT20: =AVERAGEIF($H$5:$AQ$5,"+",$H30:$AQ30) -> -0.0043853707 | AU20: {=SQRT(SUMPRODUCT(($H$5:$AQ$5="+")*($H30:$AQ30-AT20)^2)/(AY20-1))/SQRT(AY20)} -> 0.0033871978 | AV20: =AT20/AU20 -> -1.2946899 | AW20: =IF(ABS(AV20)<1.96,"No","Yes") -> No | AX20: =(1+AX21)*(1+AT20)-1 -> -0.0048720121 | AY20: =COUNTIF($H$5:$AQ$5,"+") -> 18 | BA20: -7 | BB20: =AVERAGEIF($H$5:$AQ$5,"-",$H30:$AQ30) -> -0.0028330974 | BC20: {=SQRT(SUMPRODUCT(($H$5:$AQ$5="-")*($H30:$AQ30-BB20)^2)/(BG20-1))/SQRT(BG20)} -> 0.0030104755 | BD20: =BB20/BC20 -> -0.94107973 | BE20: =IF(ABS(BD20)<1.96,"No","Yes") -> No | BF20: =(1+BF21)*(1+BB20)-1 -> -0.0084854656 | BG20: =COUNTIF($H$5:$AQ$5,"-") -> 18
A21: =Data!A21 -> 46107 | B21: =Data!F21 -> -0.008792996 | C21: =Data!G21 -> -0.0022067561 | D21: =Data!H21 -> 0.0086264101 | E21: =Data!I21 -> -0.083576856 | G21: 2 | H21: =_xlfn.XLOOKUP(OFFSET(Data!$A$1,H$7-$G21,0,1,1),Data!$A:$A,Data!$G:$G)-(H$8+H$9*_xlfn.XLOOKUP(OFFSET(Data!$A$1,H$7-$G21,0,1,1),Data!$A:$A,Data!$F:$F)) -> 0.0060562441 | I21: =_xlfn.XLOOKUP(OFFSET(Data!$A$1,I$7-$G21,0,1,1),Data!$A:$A,Data!$H:$H)-(I$8+I$9*_xlfn.XLOOKUP(OFFSET(Data!$A$1,I$7-$G21,0,1,1),Data!$A:$A,Data!$F:$F)) -> 0.051263696 | J21: =_xlfn.XLOOKUP(OFFSET(Data!$A$1,J$7-$G21,0,1,1),Data!$A:$A,Data!$I:$I)-(J$8+J$9*_xlfn.XLOOKUP(OFFSET(Data!$A$1,J$7-$G21,0,1,1),Data!$A:$A,Data!$F:$F)) -> 0.0040613624 | K21: =_xlfn.XLOOKUP(OFFSET(Data!$A$1,K$7-$G21,0,1,1),Data!$A:$A,Data!$G:$G)-(K$8+K$9*_xlfn.XLOOKUP(OFFSET(Data!$A$1,K$7-$G21,0,1,1),Data!$A:$A,Data!$F:$F)) -> 0.019816103 | L21: =_xlfn.XLOOKUP(OFFSET(Data!$A$1,L$7-$G21,0,1,1),Data!$A:$A,Data!$H:$H)-(L$8+L$9*_xlfn.XLOOKUP(OFFSET(Data!$A$1,L$7-$G21,0,1,1),Data!$A:$A,Data!$F:$F)) -> 0.0098805172 | M21: =_xlfn.XLOOKUP(OFFSET(Data!$A$1,M$7-$G21,0,1,1),Data!$A:$A,Data!$I:$I)-(M$8+M$9*_xlfn.XLOOKUP(OFFSET(Data!$A$1,M$7-$G21,0,1,1),Data!$A:$A,Data!$F:$F)) -> 0.0039943163 | N21: =_xlfn.XLOOKUP(OFFSET(Data!$A$1,N$7-$G21,0,1,1),Data!$A:$A,Data!$G:$G)-(N$8+N$9*_xlfn.XLOOKUP(OFFSET(Data!$A$1,N$7-$G21,0,1,1),Data!$A:$A,Data!$F:$F)) -> -0.0106594 | O21: =_xlfn.XLOOKUP(OFFSET(Data!$A$1,O$7-$G21,0,1,1),Data!$A:$A,Data!$H:$H)-(O$8+O$9*_xlfn.XLOOKUP(OFFSET(Data!$A$1,O$7-$G21,0,1,1),Data!$A:$A,Data!$F:$F)) -> -0.012778435 | P21: =_xlfn.XLOOKUP(OFFSET(Data!$A$1,P$7-$G21,0,1,1),Data!$A:$A,Data!$I:$I)-(P$8+P$9*_xlfn.XLOOKUP(OFFSET(Data!$A$1,P$7-$G21,0,1,1),Data!$A:$A,Data!$F:$F)) -> 0.00059554526 | Q21: =_xlfn.XLOOKUP(OFFSET(Data!$A$1,Q$7-$G21,0,1,1),Data!$A:$A,Data!$G:$G)-(Q$8+Q$9*_xlfn.XLOOKUP(OFFSET(Data!$A$1,Q$7-$G21,0,1,1),Data!$A:$A,Data!$F:$F)) -> 0.045601332 | R21: =_xlfn.XLOOKUP(OFFSET(Data!$A$1,R$7-$G21,0,1,1),Data!$A:$A,Data!$H:$H)-(R$8+R$9*_xlfn.XLOOKUP(OFFSET(Data!$A$1,R$7-$G21,0,1,1),Data!$A:$A,Data!$F:$F)) -> 0.012534108 | S21: =_xlfn.XLOOKUP(OFFSET(Data!$A$1,S$7-$G21,0,1,1),Data!$A:$A,Data!$I:$I)-(S$8+S$9*_xlfn.XLOOKUP(OFFSET(Data!$A$1,S$7-$G21,0,1,1),Data!$A:$A,Data!$F:$F)) -> 0.0059300139 | T21: =_xlfn.XLOOKUP(OFFSET(Data!$A$1,T$7-$G21,0,1,1),Data!$A:$A,Data!$G:$G)-(T$8+T$9*_xlfn.XLOOKUP(OFFSET(Data!$A$1,T$7-$G21,0,1,1),Data!$A:$A,Data!$F:$F)) -> -0.01365179 | U21: =_xlfn.XLOOKUP(OFFSET(Data!$A$1,U$7-$G21,0,1,1),Data!$A:$A,Data!$H:$H)-(U$8+U$9*_xlfn.XLOOKUP(OFFSET(Data!$A$1,U$7-$G21,0,1,1),Data!$A:$A,Data!$F:$F)) -> -0.0094533455 | V21: =_xlfn.XLOOKUP(OFFSET(Data!$A$1,V$7-$G21,0,1,1),Data!$A:$A,Data!$I:$I)-(V$8+V$9*_xlfn.XLOOKUP(OFFSET(Data!$A$1,V$7-$G21,0,1,1),Data!$A:$A,Data!$F:$F)) -> -0.033218236 | W21: =_xlfn.XLOOKUP(OFFSET(Data!$A$1,W$7-$G21,0,1,1),Data!$A:$A,Data!$G:$G)-(W$8+W$9*_xlfn.XLOOKUP(OFFSET(Data!$A$1,W$7-$G21,0,1,1),Data!$A:$A,Data!$F:$F)) -> -0.0367283 | X21: =_xlfn.XLOOKUP(OFFSET(Data!$A$1,X$7-$G21,0,1,1),Data!$A:$A,Data!$H:$H)-(X$8+X$9*_xlfn.XLOOKUP(OFFSET(Data!$A$1,X$7-$G21,0,1,1),Data!$A:$A,Data!$F:$F)) -> -0.028326977 | Y21: =_xlfn.XLOOKUP(OFFSET(Data!$A$1,Y$7-$G21,0,1,1),Data!$A:$A,Data!$I:$I)-(Y$8+Y$9*_xlfn.XLOOKUP(OFFSET(Data!$A$1,Y$7-$G21,0,1,1),Data!$A:$A,Data!$F:$F)) -> -0.0013788809 | Z21: =_xlfn.XLOOKUP(OFFSET(Data!$A$1,Z$7-$G21,0,1,1),Data!$A:$A,Data!$G:$G)-(Z$8+Z$9*_xlfn.XLOOKUP(OFFSET(Data!$A$1,Z$7-$G21,0,1,1),Data!$A:$A,Data!$F:$F)) -> 0.0059069433 | AA21: =_xlfn.XLOOKUP(OFFSET(Data!$A$1,AA$7-$G21,0,1,1),Data!$A:$A,Data!$H:$H)-(AA$8+AA$9*_xlfn.XLOOKUP(OFFSET(Data!$A$1,AA$7-$G21,0,1,1),Data!$A:$A,Data!$F:$F)) -> 0.017569089 | AB21: =_xlfn.XLOOKUP(OFFSET(Data!$A$1,AB$7-$G21,0,1,1),Data!$A:$A,Data!$I:$I)-(AB$8+AB$9*_xlfn.XLOOKUP(OFFSET(Data!$A$1,AB$7-$G21,0,1,1),Data!$A:$A,Data!$F:$F)) -> 0.0050390034 | AC21: =_xlfn.XLOOKUP(OFFSET(Data!$A$1,AC$7-$G21,0,1,1),Data!$A:$A,Data!$G:$G)-(AC$8+AC$9*_xlfn.XLOOKUP(OFFSET(Data!$A$1,AC$7-$G21,0,1,1),Data!$A:$A,Data!$F:$F)) -> 0.010251364 | AD21: =_xlfn.XLOOKUP(OFFSET(Data!$A$1,AD$7-$G21,0,1,1),Data!$A:$A,Data!$H:$H)-(AD$8+AD$9*_xlfn.XLOOKUP(OFFSET(Data!$A$1,AD$7-$G21,0,1,1),Data!$A:$A,Data!$F:$F)) -> 0.027342241 | AE21: =_xlfn.XLOOKUP(OFFSET(Data!$A$1,AE$7-$G21,0,1,1),Data!$A:$A,Data!$I:$I)-(AE$8+AE$9*_xlfn.XLOOKUP(OFFSET(Data!$A$1,AE$7-$G21,0,1,1),Data!$A:$A,Data!$F:$F)) -> -0.049012729 | AF21: =_xlfn.XLOOKUP(OFFSET(Data!$A$1,AF$7-$G21,0,1,1),Data!$A:$A,Data!$G:$G)-(AF$8+AF$9*_xlfn.XLOOKUP(OFFSET(Data!$A$1,AF$7-$G21,0,1,1),Data!$A:$A,Data!$F:$F)) -> -0.017658785 | AG21: =_xlfn.XLOOKUP(OFFSET(Data!$A$1,AG$7-$G21,0,1,1),Data!$A:$A,Data!$H:$H)-(AG$8+AG$9*_xlfn.XLOOKUP(OFFSET(Data!$A$1,AG$7-$G21,0,1,1),Data!$A:$A,Data!$F:$F)) -> -0.0066911247 | AH21: =_xlfn.XLOOKUP(OFFSET(Data!$A$1,AH$7-$G21,0,1,1),Data!$A:$A,Data!$I:$I)-(AH$8+AH$9*_xlfn.XLOOKUP(OFFSET(Data!$A$1,AH$7-$G21,0,1,1),Data!$A:$A,Data!$F:$F)) -> 0.0077045367 | AI21: =_xlfn.XLOOKUP(OFFSET(Data!$A$1,AI$7-$G21,0,1,1),Data!$A:$A,Data!$G:$G)-(AI$8+AI$9*_xlfn.XLOOKUP(OFFSET(Data!$A$1,AI$7-$G21,0,1,1),Data!$A:$A,Data!$F:$F)) -> -0.047289538 | AJ21: =_xlfn.XLOOKUP(OFFSET(Data!$A$1,AJ$7-$G21,0,1,1),Data!$A:$A,Data!$H:$H)-(AJ$8+AJ$9*_xlfn.XLOOKUP(OFFSET(Data!$A$1,AJ$7-$G21,0,1,1),Data!$A:$A,Data!$F:$F)) -> 0.015823656 | AK21: =_xlfn.XLOOKUP(OFFSET(Data!$A$1,AK$7-$G21,0,1,1),Data!$A:$A,Data!$I:$I)-(AK$8+AK$9*_xlfn.XLOOKUP(OFFSET(Data!$A$1,AK$7-$G21,0,1,1),Data!$A:$A,Data!$F:$F)) -> 0.00049097441 | AL21: =_xlfn.XLOOKUP(OFFSET(Data!$A$1,AL$7-$G21,0,1,1),Data!$A:$A,Data!$G:$G)-(AL$8+AL$9*_xlfn.XLOOKUP(OFFSET(Data!$A$1,AL$7-$G21,0,1,1),Data!$A:$A,Data!$F:$F)) -> 0.040900588 | AM21: =_xlfn.XLOOKUP(OFFSET(Data!$A$1,AM$7-$G21,0,1,1),Data!$A:$A,Data!$H:$H)-(AM$8+AM$9*_xlfn.XLOOKUP(OFFSET(Data!$A$1,AM$7-$G21,0,1,1),Data!$A:$A,Data!$F:$F)) -> 4.0254509e-05 | AN21: =_xlfn.XLOOKUP(OFFSET(Data!$A$1,AN$7-$G21,0,1,1),Data!$A:$A,Data!$I:$I)-(AN$8+AN$9*_xlfn.XLOOKUP(OFFSET(Data!$A$1,AN$7-$G21,0,1,1),Data!$A:$A,Data!$F:$F)) -> -0.0081595571 | AO21: =_xlfn.XLOOKUP(OFFSET(Data!$A$1,AO$7-$G21,0,1,1),Data!$A:$A,Data!$G:$G)-(AO$8+AO$9*_xlfn.XLOOKUP(OFFSET(Data!$A$1,AO$7-$G21,0,1,1),Data!$A:$A,Data!$F:$F)) -> -0.0014520945 | AP21: =_xlfn.XLOOKUP(OFFSET(Data!$A$1,AP$7-$G21,0,1,1),Data!$A:$A,Data!$H:$H)-(AP$8+AP$9*_xlfn.XLOOKUP(OFFSET(Data!$A$1,AP$7-$G21,0,1,1),Data!$A:$A,Data!$F:$F)) -> 0.0019089719 | AQ21: =_xlfn.XLOOKUP(OFFSET(Data!$A$1,AQ$7-$G21,0,1,1),Data!$A:$A,Data!$I:$I)-(AQ$8+AQ$9*_xlfn.XLOOKUP(OFFSET(Data!$A$1,AQ$7-$G21,0,1,1),Data!$A:$A,Data!$F:$F)) -> 0.00450158 | AS21: -8 | AT21: =AVERAGEIF($H$5:$AQ$5,"+",$H31:$AQ31) -> -0.0042893547 | AU21: {=SQRT(SUMPRODUCT(($H$5:$AQ$5="+")*($H31:$AQ31-AT21)^2)/(AY21-1))/SQRT(AY21)} -> 0.003182858 | AV21: =AT21/AU21 -> -1.3476425 | AW21: =IF(ABS(AV21)<1.96,"No","Yes") -> No | AX21: =(1+AX22)*(1+AT21)-1 -> -0.00048878483 | AY21: =COUNTIF($H$5:$AQ$5,"+") -> 18 | BA21: -8 | BB21: =AVERAGEIF($H$5:$AQ$5,"-",$H31:$AQ31) -> -0.0073751516 | BC21: {=SQRT(SUMPRODUCT(($H$5:$AQ$5="-")*($H31:$AQ31-BB21)^2)/(BG21-1))/SQRT(BG21)} -> 0.0038895131 | BD21: =BB21/BC21 -> -1.8961632 | BE21: =IF(ABS(BD21)<1.96,"No","Yes") -> No | BF21: =(1+BF22)*(1+BB21)-1 -> -0.0056684274 | BG21: =COUNTIF($H$5:$AQ$5,"-") -> 18
A22: =Data!A22 -> 46106 | B22: =Data!F22 -> 0.0084379788 | C22: =Data!G22 -> -0.0095830531 | D22: =Data!H22 -> -0.018880208 | E22: =Data!I22 -> 0 | G22: 1 | H22: =_xlfn.XLOOKUP(OFFSET(Data!$A$1,H$7-$G22,0,1,1),Data!$A:$A,Data!$G:$G)-(H$8+H$9*_xlfn.XLOOKUP(OFFSET(Data!$A$1,H$7-$G22,0,1,1),Data!$A:$A,Data!$F:$F)) -> -0.018797276 | I22: =_xlfn.XLOOKUP(OFFSET(Data!$A$1,I$7-$G22,0,1,1),Data!$A:$A,Data!$H:$H)-(I$8+I$9*_xlfn.XLOOKUP(OFFSET(Data!$A$1,I$7-$G22,0,1,1),Data!$A:$A,Data!$F:$F)) -> 0.0022442314 | J22: =_xlfn.XLOOKUP(OFFSET(Data!$A$1,J$7-$G22,0,1,1),Data!$A:$A,Data!$I:$I)-(J$8+J$9*_xlfn.XLOOKUP(OFFSET(Data!$A$1,J$7-$G22,0,1,1),Data!$A:$A,Data!$F:$F)) -> 0.018081598 | K22: =_xlfn.XLOOKUP(OFFSET(Data!$A$1,K$7-$G22,0,1,1),Data!$A:$A,Data!$G:$G)-(K$8+K$9*_xlfn.XLOOKUP(OFFSET(Data!$A$1,K$7-$G22,0,1,1),Data!$A:$A,Data!$F:$F)) -> 0.0002888001 | L22: =_xlfn.XLOOKUP(OFFSET(Data!$A$1,L$7-$G22,0,1,1),Data!$A:$A,Data!$H:$H)-(L$8+L$9*_xlfn.XLOOKUP(OFFSET(Data!$A$1,L$7-$G22,0,1,1),Data!$A:$A,Data!$F:$F)) -> 0.014489229 | M22: =_xlfn.XLOOKUP(OFFSET(Data!$A$1,M$7-$G22,0,1,1),Data!$A:$A,Data!$I:$I)-(M$8+M$9*_xlfn.XLOOKUP(OFFSET(Data!$A$1,M$7-$G22,0,1,1),Data!$A:$A,Data!$F:$F)) -> -0.038449709 | N22: =_xlfn.XLOOKUP(OFFSET(Data!$A$1,N$7-$G22,0,1,1),Data!$A:$A,Data!$G:$G)-(N$8+N$9*_xlfn.XLOOKUP(OFFSET(Data!$A$1,N$7-$G22,0,1,1),Data!$A:$A,Data!$F:$F)) -> 0.00096969021 | O22: =_xlfn.XLOOKUP(OFFSET(Data!$A$1,O$7-$G22,0,1,1),Data!$A:$A,Data!$H:$H)-(O$8+O$9*_xlfn.XLOOKUP(OFFSET(Data!$A$1,O$7-$G22,0,1,1),Data!$A:$A,Data!$F:$F)) -> -0.0018472363 | P22: =_xlfn.XLOOKUP(OFFSET(Data!$A$1,P$7-$G22,0,1,1),Data!$A:$A,Data!$I:$I)-(P$8+P$9*_xlfn.XLOOKUP(OFFSET(Data!$A$1,P$7-$G22,0,1,1),Data!$A:$A,Data!$F:$F)) -> 0.002268703 | Q22: =_xlfn.XLOOKUP(OFFSET(Data!$A$1,Q$7-$G22,0,1,1),Data!$A:$A,Data!$G:$G)-(Q$8+Q$9*_xlfn.XLOOKUP(OFFSET(Data!$A$1,Q$7-$G22,0,1,1),Data!$A:$A,Data!$F:$F)) -> -0.0072619027 | R22: =_xlfn.XLOOKUP(OFFSET(Data!$A$1,R$7-$G22,0,1,1),Data!$A:$A,Data!$H:$H)-(R$8+R$9*_xlfn.XLOOKUP(OFFSET(Data!$A$1,R$7-$G22,0,1,1),Data!$A:$A,Data!$F:$F)) -> -0.068231604 | S22: =_xlfn.XLOOKUP(OFFSET(Data!$A$1,S$7-$G22,0,1,1),Data!$A:$A,Data!$I:$I)-(S$8+S$9*_xlfn.XLOOKUP(OFFSET(Data!$A$1,S$7-$G22,0,1,1),Data!$A:$A,Data!$F:$F)) -> 0.0053163728 | T22: =_xlfn.XLOOKUP(OFFSET(Data!$A$1,T$7-$G22,0,1,1),Data!$A:$A,Data!$G:$G)-(T$8+T$9*_xlfn.XLOOKUP(OFFSET(Data!$A$1,T$7-$G22,0,1,1),Data!$A:$A,Data!$F:$F)) -> -0.005393599 | U22: =_xlfn.XLOOKUP(OFFSET(Data!$A$1,U$7-$G22,0,1,1),Data!$A:$A,Data!$H:$H)-(U$8+U$9*_xlfn.XLOOKUP(OFFSET(Data!$A$1,U$7-$G22,0,1,1),Data!$A:$A,Data!$F:$F)) -> 0.0077126521 | V22: =_xlfn.XLOOKUP(OFFSET(Data!$A$1,V$7-$G22,0,1,1),Data!$A:$A,Data!$I:$I)-(V$8+V$9*_xlfn.XLOOKUP(OFFSET(Data!$A$1,V$7-$G22,0,1,1),Data!$A:$A,Data!$F:$F)) -> -0.0045034681 | W22: =_xlfn.XLOOKUP(OFFSET(Data!$A$1,W$7-$G22,0,1,1),Data!$A:$A,Data!$G:$G)-(W$8+W$9*_xlfn.XLOOKUP(OFFSET(Data!$A$1,W$7-$G22,0,1,1),Data!$A:$A,Data!$F:$F)) -> 0.0013813336 | X22: =_xlfn.XLOOKUP(OFFSET(Data!$A$1,X$7-$G22,0,1,1),Data!$A:$A,Data!$H:$H)-(X$8+X$9*_xlfn.XLOOKUP(OFFSET(Data!$A$1,X$7-$G22,0,1,1),Data!$A:$A,Data!$F:$F)) -> -0.0014120851 | Y22: =_xlfn.XLOOKUP(OFFSET(Data!$A$1,Y$7-$G22,0,1,1),Data!$A:$A,Data!$I:$I)-(Y$8+Y$9*_xlfn.XLOOKUP(OFFSET(Data!$A$1,Y$7-$G22,0,1,1),Data!$A:$A,Data!$F:$F)) -> -0.0047501447 | Z22: =_xlfn.XLOOKUP(OFFSET(Data!$A$1,Z$7-$G22,0,1,1),Data!$A:$A,Data!$G:$G)-(Z$8+Z$9*_xlfn.XLOOKUP(OFFSET(Data!$A$1,Z$7-$G22,0,1,1),Data!$A:$A,Data!$F:$F)) -> -0.028275273 | AA22: =_xlfn.XLOOKUP(OFFSET(Data!$A$1,AA$7-$G22,0,1,1),Data!$A:$A,Data!$H:$H)-(AA$8+AA$9*_xlfn.XLOOKUP(OFFSET(Data!$A$1,AA$7-$G22,0,1,1),Data!$A:$A,Data!$F:$F)) -> 0.0025499793 | AB22: =_xlfn.XLOOKUP(OFFSET(Data!$A$1,AB$7-$G22,0,1,1),Data!$A:$A,Data!$I:$I)-(AB$8+AB$9*_xlfn.XLOOKUP(OFFSET(Data!$A$1,AB$7-$G22,0,1,1),Data!$A:$A,Data!$F:$F)) -> 0.022348094 | AC22: =_xlfn.XLOOKUP(OFFSET(Data!$A$1,AC$7-$G22,0,1,1),Data!$A:$A,Data!$G:$G)-(AC$8+AC$9*_xlfn.XLOOKUP(OFFSET(Data!$A$1,AC$7-$G22,0,1,1),Data!$A:$A,Data!$F:$F)) -> 0.0062095303 | AD22: =_xlfn.XLOOKUP(OFFSET(Data!$A$1,AD$7-$G22,0,1,1),Data!$A:$A,Data!$H:$H)-(AD$8+AD$9*_xlfn.XLOOKUP(OFFSET(Data!$A$1,AD$7-$G22,0,1,1),Data!$A:$A,Data!$F:$F)) -> -0.0060616093 | AE22: =_xlfn.XLOOKUP(OFFSET(Data!$A$1,AE$7-$G22,0,1,1),Data!$A:$A,Data!$I:$I)-(AE$8+AE$9*_xlfn.XLOOKUP(OFFSET(Data!$A$1,AE$7-$G22,0,1,1),Data!$A:$A,Data!$F:$F)) -> 0.00012534932 | AF22: =_xlfn.XLOOKUP(OFFSET(Data!$A$1,AF$7-$G22,0,1,1),Data!$A:$A,Data!$G:$G)-(AF$8+AF$9*_xlfn.XLOOKUP(OFFSET(Data!$A$1,AF$7-$G22,0,1,1),Data!$A:$A,Data!$F:$F)) -> 0.014031641 | AG22: =_xlfn.XLOOKUP(OFFSET(Data!$A$1,AG$7-$G22,0,1,1),Data!$A:$A,Data!$H:$H)-(AG$8+AG$9*_xlfn.XLOOKUP(OFFSET(Data!$A$1,AG$7-$G22,0,1,1),Data!$A:$A,Data!$F:$F)) -> 0.027774108 | AH22: =_xlfn.XLOOKUP(OFFSET(Data!$A$1,AH$7-$G22,0,1,1),Data!$A:$A,Data!$I:$I)-(AH$8+AH$9*_xlfn.XLOOKUP(OFFSET(Data!$A$1,AH$7-$G22,0,1,1),Data!$A:$A,Data!$F:$F)) -> -0.0051814033 | AI22: =_xlfn.XLOOKUP(OFFSET(Data!$A$1,AI$7-$G22,0,1,1),Data!$A:$A,Data!$G:$G)-(AI$8+AI$9*_xlfn.XLOOKUP(OFFSET(Data!$A$1,AI$7-$G22,0,1,1),Data!$A:$A,Data!$F:$F)) -> 0.0467491 | AJ22: =_xlfn.XLOOKUP(OFFSET(Data!$A$1,AJ$7-$G22,0,1,1),Data!$A:$A,Data!$H:$H)-(AJ$8+AJ$9*_xlfn.XLOOKUP(OFFSET(Data!$A$1,AJ$7-$G22,0,1,1),Data!$A:$A,Data!$F:$F)) -> -0.007784328 | AK22: =_xlfn.XLOOKUP(OFFSET(Data!$A$1,AK$7-$G22,0,1,1),Data!$A:$A,Data!$I:$I)-(AK$8+AK$9*_xlfn.XLOOKUP(OFFSET(Data!$A$1,AK$7-$G22,0,1,1),Data!$A:$A,Data!$F:$F)) -> 0.0053613704 | AL22: =_xlfn.XLOOKUP(OFFSET(Data!$A$1,AL$7-$G22,0,1,1),Data!$A:$A,Data!$G:$G)-(AL$8+AL$9*_xlfn.XLOOKUP(OFFSET(Data!$A$1,AL$7-$G22,0,1,1),Data!$A:$A,Data!$F:$F)) -> -0.013781243 | AM22: =_xlfn.XLOOKUP(OFFSET(Data!$A$1,AM$7-$G22,0,1,1),Data!$A:$A,Data!$H:$H)-(AM$8+AM$9*_xlfn.XLOOKUP(OFFSET(Data!$A$1,AM$7-$G22,0,1,1),Data!$A:$A,Data!$F:$F)) -> 0.0042914052 | AN22: =_xlfn.XLOOKUP(OFFSET(Data!$A$1,AN$7-$G22,0,1,1),Data!$A:$A,Data!$I:$I)-(AN$8+AN$9*_xlfn.XLOOKUP(OFFSET(Data!$A$1,AN$7-$G22,0,1,1),Data!$A:$A,Data!$F:$F)) -> -0.0010377972 | AO22: =_xlfn.XLOOKUP(OFFSET(Data!$A$1,AO$7-$G22,0,1,1),Data!$A:$A,Data!$G:$G)-(AO$8+AO$9*_xlfn.XLOOKUP(OFFSET(Data!$A$1,AO$7-$G22,0,1,1),Data!$A:$A,Data!$F:$F)) -> 0.0067126274 | AP22: =_xlfn.XLOOKUP(OFFSET(Data!$A$1,AP$7-$G22,0,1,1),Data!$A:$A,Data!$H:$H)-(AP$8+AP$9*_xlfn.XLOOKUP(OFFSET(Data!$A$1,AP$7-$G22,0,1,1),Data!$A:$A,Data!$F:$F)) -> -0.013954425 | AQ22: =_xlfn.XLOOKUP(OFFSET(Data!$A$1,AQ$7-$G22,0,1,1),Data!$A:$A,Data!$I:$I)-(AQ$8+AQ$9*_xlfn.XLOOKUP(OFFSET(Data!$A$1,AQ$7-$G22,0,1,1),Data!$A:$A,Data!$F:$F)) -> -0.0076070694 | AS22: -9 | AT22: =AVERAGEIF($H$5:$AQ$5,"+",$H32:$AQ32) -> -0.0012533761 | AU22: {=SQRT(SUMPRODUCT(($H$5:$AQ$5="+")*($H32:$AQ32-AT22)^2)/(AY22-1))/SQRT(AY22)} -> 0.0047450163 | AV22: =AT22/AU22 -> -0.26414579 | AW22: =IF(ABS(AV22)<1.96,"No","Yes") -> No | AX22: =(1+AX23)*(1+AT22)-1 -> 0.003816942 | AY22: =COUNTIF($H$5:$AQ$5,"+") -> 18 | BA22: -9 | BB22: =AVERAGEIF($H$5:$AQ$5,"-",$H32:$AQ32) -> -0.0052575256 | BC22: {=SQRT(SUMPRODUCT(($H$5:$AQ$5="-")*($H32:$AQ32-BB22)^2)/(BG22-1))/SQRT(BG22)} -> 0.0032568087 | BD22: =BB22/BC22 -> -1.6143182 | BE22: =IF(ABS(BD22)<1.96,"No","Yes") -> No | BF22: =(1+BF23)*(1+BB22)-1 -> 0.0017194051 | BG22: =COUNTIF($H$5:$AQ$5,"-") -> 18
A23: =Data!A23 -> 46105 | B23: =Data!F23 -> -0.012266059 | C23: =Data!G23 -> -0.021388615 | D23: =Data!H23 -> -0.022900763 | E23: =Data!I23 -> -0.009837963 | G23: 0 | H23: =_xlfn.XLOOKUP(OFFSET(Data!$A$1,H$7-$G23,0,1,1),Data!$A:$A,Data!$G:$G)-(H$8+H$9*_xlfn.XLOOKUP(OFFSET(Data!$A$1,H$7-$G23,0,1,1),Data!$A:$A,Data!$F:$F)) -> 0.0084671006 | I23: =_xlfn.XLOOKUP(OFFSET(Data!$A$1,I$7-$G23,0,1,1),Data!$A:$A,Data!$H:$H)-(I$8+I$9*_xlfn.XLOOKUP(OFFSET(Data!$A$1,I$7-$G23,0,1,1),Data!$A:$A,Data!$F:$F)) -> -0.051280447 | J23: =_xlfn.XLOOKUP(OFFSET(Data!$A$1,J$7-$G23,0,1,1),Data!$A:$A,Data!$I:$I)-(J$8+J$9*_xlfn.XLOOKUP(OFFSET(Data!$A$1,J$7-$G23,0,1,1),Data!$A:$A,Data!$F:$F)) -> -0.04547658 | K23: =_xlfn.XLOOKUP(OFFSET(Data!$A$1,K$7-$G23,0,1,1),Data!$A:$A,Data!$G:$G)-(K$8+K$9*_xlfn.XLOOKUP(OFFSET(Data!$A$1,K$7-$G23,0,1,1),Data!$A:$A,Data!$F:$F)) -> -0.026406028 | L23: =_xlfn.XLOOKUP(OFFSET(Data!$A$1,L$7-$G23,0,1,1),Data!$A:$A,Data!$H:$H)-(L$8+L$9*_xlfn.XLOOKUP(OFFSET(Data!$A$1,L$7-$G23,0,1,1),Data!$A:$A,Data!$F:$F)) -> 0.0046401614 | M23: =_xlfn.XLOOKUP(OFFSET(Data!$A$1,M$7-$G23,0,1,1),Data!$A:$A,Data!$I:$I)-(M$8+M$9*_xlfn.XLOOKUP(OFFSET(Data!$A$1,M$7-$G23,0,1,1),Data!$A:$A,Data!$F:$F)) -> 0.030934449 | N23: =_xlfn.XLOOKUP(OFFSET(Data!$A$1,N$7-$G23,0,1,1),Data!$A:$A,Data!$G:$G)-(N$8+N$9*_xlfn.XLOOKUP(OFFSET(Data!$A$1,N$7-$G23,0,1,1),Data!$A:$A,Data!$F:$F)) -> -0.0044581387 | O23: =_xlfn.XLOOKUP(OFFSET(Data!$A$1,O$7-$G23,0,1,1),Data!$A:$A,Data!$H:$H)-(O$8+O$9*_xlfn.XLOOKUP(OFFSET(Data!$A$1,O$7-$G23,0,1,1),Data!$A:$A,Data!$F:$F)) -> -0.0057872215 | P23: =_xlfn.XLOOKUP(OFFSET(Data!$A$1,P$7-$G23,0,1,1),Data!$A:$A,Data!$I:$I)-(P$8+P$9*_xlfn.XLOOKUP(OFFSET(Data!$A$1,P$7-$G23,0,1,1),Data!$A:$A,Data!$F:$F)) -> -0.00091444519 | Q23: =_xlfn.XLOOKUP(OFFSET(Data!$A$1,Q$7-$G23,0,1,1),Data!$A:$A,Data!$G:$G)-(Q$8+Q$9*_xlfn.XLOOKUP(OFFSET(Data!$A$1,Q$7-$G23,0,1,1),Data!$A:$A,Data!$F:$F)) -> -0.0021991201 | R23: =_xlfn.XLOOKUP(OFFSET(Data!$A$1,R$7-$G23,0,1,1),Data!$A:$A,Data!$H:$H)-(R$8+R$9*_xlfn.XLOOKUP(OFFSET(Data!$A$1,R$7-$G23,0,1,1),Data!$A:$A,Data!$F:$F)) -> 0.02522847 | S23: =_xlfn.XLOOKUP(OFFSET(Data!$A$1,S$7-$G23,0,1,1),Data!$A:$A,Data!$I:$I)-(S$8+S$9*_xlfn.XLOOKUP(OFFSET(Data!$A$1,S$7-$G23,0,1,1),Data!$A:$A,Data!$F:$F)) -> -0.00030737519 | T23: =_xlfn.XLOOKUP(OFFSET(Data!$A$1,T$7-$G23,0,1,1),Data!$A:$A,Data!$G:$G)-(T$8+T$9*_xlfn.XLOOKUP(OFFSET(Data!$A$1,T$7-$G23,0,1,1),Data!$A:$A,Data!$F:$F)) -> -0.013480066 | U23: =_xlfn.XLOOKUP(OFFSET(Data!$A$1,U$7-$G23,0,1,1),Data!$A:$A,Data!$H:$H)-(U$8+U$9*_xlfn.XLOOKUP(OFFSET(Data!$A$1,U$7-$G23,0,1,1),Data!$A:$A,Data!$F:$F)) -> -0.02376034 | V23: =_xlfn.XLOOKUP(OFFSET(Data!$A$1,V$7-$G23,0,1,1),Data!$A:$A,Data!$I:$I)-(V$8+V$9*_xlfn.XLOOKUP(OFFSET(Data!$A$1,V$7-$G23,0,1,1),Data!$A:$A,Data!$F:$F)) -> 0.00068934407 | W23: =_xlfn.XLOOKUP(OFFSET(Data!$A$1,W$7-$G23,0,1,1),Data!$A:$A,Data!$G:$G)-(W$8+W$9*_xlfn.XLOOKUP(OFFSET(Data!$A$1,W$7-$G23,0,1,1),Data!$A:$A,Data!$F:$F)) -> 0.02468826 | X23: =_xlfn.XLOOKUP(OFFSET(Data!$A$1,X$7-$G23,0,1,1),Data!$A:$A,Data!$H:$H)-(X$8+X$9*_xlfn.XLOOKUP(OFFSET(Data!$A$1,X$7-$G23,0,1,1),Data!$A:$A,Data!$F:$F)) -> 0.041184722 | Y23: =_xlfn.XLOOKUP(OFFSET(Data!$A$1,Y$7-$G23,0,1,1),Data!$A:$A,Data!$I:$I)-(Y$8+Y$9*_xlfn.XLOOKUP(OFFSET(Data!$A$1,Y$7-$G23,0,1,1),Data!$A:$A,Data!$F:$F)) -> 0.0047969749 | Z23: =_xlfn.XLOOKUP(OFFSET(Data!$A$1,Z$7-$G23,0,1,1),Data!$A:$A,Data!$G:$G)-(Z$8+Z$9*_xlfn.XLOOKUP(OFFSET(Data!$A$1,Z$7-$G23,0,1,1),Data!$A:$A,Data!$F:$F)) -> -0.002388013 | AA23: =_xlfn.XLOOKUP(OFFSET(Data!$A$1,AA$7-$G23,0,1,1),Data!$A:$A,Data!$H:$H)-(AA$8+AA$9*_xlfn.XLOOKUP(OFFSET(Data!$A$1,AA$7-$G23,0,1,1),Data!$A:$A,Data!$F:$F)) -> 0.021467478 | AB23: =_xlfn.XLOOKUP(OFFSET(Data!$A$1,AB$7-$G23,0,1,1),Data!$A:$A,Data!$I:$I)-(AB$8+AB$9*_xlfn.XLOOKUP(OFFSET(Data!$A$1,AB$7-$G23,0,1,1),Data!$A:$A,Data!$F:$F)) -> -0.0060687398 | AC23: =_xlfn.XLOOKUP(OFFSET(Data!$A$1,AC$7-$G23,0,1,1),Data!$A:$A,Data!$G:$G)-(AC$8+AC$9*_xlfn.XLOOKUP(OFFSET(Data!$A$1,AC$7-$G23,0,1,1),Data!$A:$A,Data!$F:$F)) -> 0.00057353253 | AD23: =_xlfn.XLOOKUP(OFFSET(Data!$A$1,AD$7-$G23,0,1,1),Data!$A:$A,Data!$H:$H)-(AD$8+AD$9*_xlfn.XLOOKUP(OFFSET(Data!$A$1,AD$7-$G23,0,1,1),Data!$A:$A,Data!$F:$F)) -> -0.016939218 | AE23: =_xlfn.XLOOKUP(OFFSET(Data!$A$1,AE$7-$G23,0,1,1),Data!$A:$A,Data!$I:$I)-(AE$8+AE$9*_xlfn.XLOOKUP(OFFSET(Data!$A$1,AE$7-$G23,0,1,1),Data!$A:$A,Data!$F:$F)) -> 0.00048723675 | AF23: =_xlfn.XLOOKUP(OFFSET(Data!$A$1,AF$7-$G23,0,1,1),Data!$A:$A,Data!$G:$G)-(AF$8+AF$9*_xlfn.XLOOKUP(OFFSET(Data!$A$1,AF$7-$G23,0,1,1),Data!$A:$A,Data!$F:$F)) -> 0.0021782638 | AG23: =_xlfn.XLOOKUP(OFFSET(Data!$A$1,AG$7-$G23,0,1,1),Data!$A:$A,Data!$H:$H)-(AG$8+AG$9*_xlfn.XLOOKUP(OFFSET(Data!$A$1,AG$7-$G23,0,1,1),Data!$A:$A,Data!$F:$F)) -> -0.0063916215 | AH23: =_xlfn.XLOOKUP(OFFSET(Data!$A$1,AH$7-$G23,0,1,1),Data!$A:$A,Data!$I:$I)-(AH$8+AH$9*_xlfn.XLOOKUP(OFFSET(Data!$A$1,AH$7-$G23,0,1,1),Data!$A:$A,Data!$F:$F)) -> -0.00060723433 | AI23: =_xlfn.XLOOKUP(OFFSET(Data!$A$1,AI$7-$G23,0,1,1),Data!$A:$A,Data!$G:$G)-(AI$8+AI$9*_xlfn.XLOOKUP(OFFSET(Data!$A$1,AI$7-$G23,0,1,1),Data!$A:$A,Data!$F:$F)) -> 0.017394428 | AJ23: =_xlfn.XLOOKUP(OFFSET(Data!$A$1,AJ$7-$G23,0,1,1),Data!$A:$A,Data!$H:$H)-(AJ$8+AJ$9*_xlfn.XLOOKUP(OFFSET(Data!$A$1,AJ$7-$G23,0,1,1),Data!$A:$A,Data!$F:$F)) -> -0.10192707 | AK23: =_xlfn.XLOOKUP(OFFSET(Data!$A$1,AK$7-$G23,0,1,1),Data!$A:$A,Data!$I:$I)-(AK$8+AK$9*_xlfn.XLOOKUP(OFFSET(Data!$A$1,AK$7-$G23,0,1,1),Data!$A:$A,Data!$F:$F)) -> 0.053117818 | AL23: =_xlfn.XLOOKUP(OFFSET(Data!$A$1,AL$7-$G23,0,1,1),Data!$A:$A,Data!$G:$G)-(AL$8+AL$9*_xlfn.XLOOKUP(OFFSET(Data!$A$1,AL$7-$G23,0,1,1),Data!$A:$A,Data!$F:$F)) -> -0.025648115 | AM23: =_xlfn.XLOOKUP(OFFSET(Data!$A$1,AM$7-$G23,0,1,1),Data!$A:$A,Data!$H:$H)-(AM$8+AM$9*_xlfn.XLOOKUP(OFFSET(Data!$A$1,AM$7-$G23,0,1,1),Data!$A:$A,Data!$F:$F)) -> -0.013474444 | AN23: =_xlfn.XLOOKUP(OFFSET(Data!$A$1,AN$7-$G23,0,1,1),Data!$A:$A,Data!$I:$I)-(AN$8+AN$9*_xlfn.XLOOKUP(OFFSET(Data!$A$1,AN$7-$G23,0,1,1),Data!$A:$A,Data!$F:$F)) -> -0.020000891 | AO23: =_xlfn.XLOOKUP(OFFSET(Data!$A$1,AO$7-$G23,0,1,1),Data!$A:$A,Data!$G:$G)-(AO$8+AO$9*_xlfn.XLOOKUP(OFFSET(Data!$A$1,AO$7-$G23,0,1,1),Data!$A:$A,Data!$F:$F)) -> 0.01041745 | AP23: =_xlfn.XLOOKUP(OFFSET(Data!$A$1,AP$7-$G23,0,1,1),Data!$A:$A,Data!$H:$H)-(AP$8+AP$9*_xlfn.XLOOKUP(OFFSET(Data!$A$1,AP$7-$G23,0,1,1),Data!$A:$A,Data!$F:$F)) -> -0.0064530376 | AQ23: =_xlfn.XLOOKUP(OFFSET(Data!$A$1,AQ$7-$G23,0,1,1),Data!$A:$A,Data!$I:$I)-(AQ$8+AQ$9*_xlfn.XLOOKUP(OFFSET(Data!$A$1,AQ$7-$G23,0,1,1),Data!$A:$A,Data!$F:$F)) -> -0.0094614041 | AS23: -10 | AT23: =AVERAGEIF($H$5:$AQ$5,"+",$H33:$AQ33) -> 0.0050766811 | AU23: {=SQRT(SUMPRODUCT(($H$5:$AQ$5="+")*($H33:$AQ33-AT23)^2)/(AY23-1))/SQRT(AY23)} -> 0.00657549 | AV23: =AT23/AU23 -> 0.77206126 | AW23: =IF(ABS(AV23)<1.96,"No","Yes") -> No | AX23: =AT23 -> 0.0050766811 | AY23: =COUNTIF($H$5:$AQ$5,"+") -> 18 | BA23: -10 | BB23: =AVERAGEIF($H$5:$AQ$5,"-",$H33:$AQ33) -> 0.007013806 | BC23: {=SQRT(SUMPRODUCT(($H$5:$AQ$5="-")*($H33:$AQ33-BB23)^2)/(BG23-1))/SQRT(BG23)} -> 0.0018863769 | BD23: =BB23/BC23 -> 3.718136 | BE23: =IF(ABS(BD23)<1.96,"No","Yes") -> Yes | BF23: =BB23 -> 0.007013806 | BG23: =COUNTIF($H$5:$AQ$5,"-") -> 18
